ID	File	Case	Function	NounType	Gender	Number	Animacy	ReferenceToPersons
54	TOR_C_00024_tagged.txt	na-OBL	IO	COMMON	FEM	SG	INANIMATE	NO
225	TOR_C_0041_tagged.txt	na-OBL	IO	COMMON	FEM	SG	INANIMATE	NO
448	TOR_C_00034_tagged.txt	na-OBL	IO	COMMON	FEM	SG	INANIMATE	NO
52	TOR_C_0049_tagged.txt	na-OBL	IO	COMMON	NEUT	SG	INANIMATE	NO
335	TOR_C_0100_tagged.txt	na-OBL	IO	COMMON	NEUT	PL	INANIMATE	NO
162	TOR_C_00023_tagged.txt	na-OBL	IO	COMMON	MASC	SG	ANIMATE	NO
163	TOR_C_0059_tagged.txt	na-OBL	IO	COMMON	MASC	SG	ANIMATE	NO
9	TOR_C_00030_tagged.txt	na-OBL	IO	COMMON	FEM	SG	ANIMATE	NO
22	TOR_C_0050_tagged.txt	na-OBL	IO	COMMON	FEM	SG	ANIMATE	NO
168	TOR_C_0099_tagged.txt	na-OBL	IO	COMMON	FEM	SG	ANIMATE	NO
169	TOR_C_00029_tagged.txt	na-OBL	IO	COMMON	FEM	SG	ANIMATE	NO
170	TOR_C_0049_tagged.txt	na-OBL	IO	COMMON	FEM	SG	ANIMATE	NO
363	TOR_C_0008_tagged.txt	na-OBL	IO	COMMON	FEM	SG	ANIMATE	NO
364	TOR_C_0049_tagged.txt	na-OBL	IO	COMMON	FEM	SG	ANIMATE	NO
365	TOR_C_0099_tagged.txt	na-OBL	IO	COMMON	FEM	SG	ANIMATE	NO
366	TOR_C_00010_tagged.txt	na-OBL	IO	COMMON	FEM	SG	ANIMATE	NO
367	TOR_C_00024_tagged.txt	na-OBL	IO	COMMON	FEM	SG	ANIMATE	NO
368	TOR_C_0008_tagged.txt	na-OBL	IO	COMMON	FEM	SG	ANIMATE	NO
369	TOR_C_0090_tagged.txt	na-OBL	IO	COMMON	FEM	SG	ANIMATE	NO
370	TOR_C_0009_tagged.txt	na-OBL	IO	COMMON	FEM	SG	ANIMATE	NO
384	TOR_C_00016_tagged.txt	na-OBL	IO	COMMON	FEM	SG	ANIMATE	NO
387	TOR_C_0004_tagged.txt	na-OBL	IO	COMMON	FEM	SG	ANIMATE	NO
560	TOR_C_0037_tagged.txt	na-OBL	POSS	COMMON	FEM	SG	ANIMATE	NO
561	TOR_C_0037_tagged.txt	na-OBL	POSS	COMMON	FEM	SG	ANIMATE	NO
171	TOR_C_0001_tagged.txt	na-OBL	IO	COMMON	NEUT	SG	ANIMATE	NO
172	TOR_C_0070_tagged.txt	na-OBL	IO	COMMON	NEUT	SG	ANIMATE	NO
376	TOR_C_00016_tagged.txt	na-OBL	IO	COMMON	NEUT	SG	ANIMATE	NO
18	TOR_C_00018_tagged.txt	na-OBL	IO	COMMON	FEM	PL	ANIMATE	NO
21	TOR_C_00018_tagged.txt	na-OBL	IO	COMMON	FEM	PL	ANIMATE	NO
158	TOR_C_00024_tagged.txt	na-OBL	IO	COMMON	FEM	PL	ANIMATE	NO
164	TOR_C_00020_tagged.txt	na-OBL	IO	COMMON	FEM	PL	ANIMATE	NO
165	TOR_C_00030_tagged.txt	na-OBL	IO	COMMON	FEM	PL	ANIMATE	NO
166	TOR_C_0005_tagged.txt	na-OBL	IO	COMMON	FEM	PL	ANIMATE	NO
167	TOR_C_00024_tagged.txt	na-OBL	IO	COMMON	FEM	PL	ANIMATE	NO
301	TOR_C_0099_tagged.txt	na-OBL	IO	COMMON	FEM	PL	ANIMATE	NO
302	TOR_C_0049_tagged.txt	na-OBL	IO	COMMON	FEM	PL	ANIMATE	NO
303	TOR_C_0064_tagged.txt	na-OBL	IO	COMMON	FEM	PL	ANIMATE	NO
304	TOR_C_0008_tagged.txt	na-OBL	IO	COMMON	FEM	PL	ANIMATE	NO
305	TOR_C_00018_tagged.txt	na-OBL	IO	COMMON	FEM	PL	ANIMATE	NO
306	TOR_C_0064_tagged.txt	na-OBL	IO	COMMON	FEM	PL	ANIMATE	NO
410	TOR_C_0099_tagged.txt	na-OBL	IO	COMMON	FEM	PL	ANIMATE	NO
411	TOR_C_0079_tagged.txt	na-OBL	IO	COMMON	FEM	PL	ANIMATE	NO
412	TOR_C_0073_tagged.txt	na-OBL	IO	COMMON	FEM	PL	ANIMATE	NO
413	TOR_C_00024_tagged.txt	na-OBL	IO	COMMON	FEM	PL	ANIMATE	NO
414	TOR_C_0041_tagged.txt	na-OBL	IO	COMMON	FEM	PL	ANIMATE	NO
2838	TOR_C_0083_tagged.txt	DAT	IO	COMMON	MASC	SG	INANIMATE	NO
1	TOR_C_00028_tagged.txt	na-OBL	IO	PROPER	MASC	SG	ANIMATE	YES
36	TOR_C_0070_tagged.txt	na-OBL	IO	PROPER	MASC	SG	ANIMATE	YES
41	TOR_C_00019_tagged.txt	na-OBL	IO	PROPER	MASC	SG	ANIMATE	YES
42	TOR_C_00019_tagged.txt	na-OBL	IO	PROPER	MASC	SG	ANIMATE	YES
43	TOR_C_0061_tagged.txt	na-OBL	IO	PROPER	MASC	SG	ANIMATE	YES
44	TOR_C_00019_tagged.txt	na-OBL	IO	PROPER	MASC	SG	ANIMATE	YES
45	TOR_C_0075_tagged.txt	na-OBL	IO	PROPER	MASC	SG	ANIMATE	YES
65	TOR_C_0007_tagged.txt	na-OBL	IO	PROPER	MASC	SG	ANIMATE	YES
119	TOR_C_0066_tagged.txt	na-OBL	IO	PROPER	MASC	SG	ANIMATE	YES
123	TOR_C_00016_tagged.txt	na-OBL	IO	PROPER	MASC	SG	ANIMATE	YES
212	TOR_C_0077_tagged.txt	na-OBL	IO	PROPER	MASC	SG	ANIMATE	YES
213	TOR_C_0078_tagged.txt	na-OBL	IO	PROPER	MASC	SG	ANIMATE	YES
216	TOR_C_0038_tagged.txt	na-OBL	IO	PROPER	MASC	SG	ANIMATE	YES
219	TOR_C_0086_tagged.txt	na-OBL	IO	PROPER	MASC	SG	ANIMATE	YES
236	TOR_C_00023_tagged.txt	na-OBL	IO	PROPER	MASC	SG	ANIMATE	YES
266	TOR_C_0007_tagged.txt	na-OBL	IO	PROPER	MASC	SG	ANIMATE	YES
268	TOR_C_0067_tagged.txt	na-OBL	IO	PROPER	MASC	SG	ANIMATE	YES
316	TOR_C_0080_tagged.txt	na-OBL	IO	PROPER	MASC	SG	ANIMATE	YES
328	TOR_C_00025_tagged.txt	na-OBL	IO	PROPER	MASC	SG	ANIMATE	YES
329	TOR_C_0046_tagged.txt	na-OBL	IO	PROPER	MASC	SG	ANIMATE	YES
330	TOR_C_00019_tagged.txt	na-OBL	IO	PROPER	MASC	SG	ANIMATE	YES
346	TOR_C_0045_tagged.txt	na-OBL	IO	PROPER	MASC	SG	ANIMATE	YES
462	TOR_C_0045_tagged.txt	na-OBL	IO	PROPER	MASC	SG	ANIMATE	YES
469	TOR_C_0050_tagged.txt	na-OBL	IO	PROPER	MASC	SG	ANIMATE	YES
482	TOR_C_0041_tagged.txt	na-OBL	POSS	PROPER	MASC	SG	ANIMATE	YES
521	TOR_C_00023_tagged.txt	na-OBL	POSS	PROPER	MASC	SG	ANIMATE	YES
522	TOR_C_00023_tagged.txt	na-OBL	POSS	PROPER	MASC	SG	ANIMATE	YES
539	TOR_C_0004_tagged.txt	na-OBL	POSS	PROPER	MASC	SG	ANIMATE	YES
540	TOR_C_0083_tagged.txt	na-OBL	POSS	PROPER	MASC	SG	ANIMATE	YES
541	TOR_C_0006_tagged.txt	na-OBL	POSS	PROPER	MASC	SG	ANIMATE	YES
544	TOR_C_00019_tagged.txt	na-OBL	POSS	PROPER	MASC	SG	ANIMATE	YES
545	TOR_C_00019_tagged.txt	na-OBL	POSS	PROPER	MASC	SG	ANIMATE	YES
551	TOR_C_0070_tagged.txt	na-OBL	POSS	PROPER	MASC	SG	ANIMATE	YES
553	TOR_C_00023_tagged.txt	na-OBL	POSS	PROPER	MASC	SG	ANIMATE	YES
554	TOR_C_00023_tagged.txt	na-OBL	POSS	PROPER	MASC	SG	ANIMATE	YES
556	TOR_C_0007_tagged.txt	na-OBL	POSS	PROPER	MASC	SG	ANIMATE	YES
557	TOR_C_0045_tagged.txt	na-OBL	POSS	PROPER	MASC	SG	ANIMATE	YES
558	TOR_C_0045_tagged.txt	na-OBL	POSS	PROPER	MASC	SG	ANIMATE	YES
583	TOR_C_0058_tagged.txt	na-OBL	POSS	PROPER	MASC	SG	ANIMATE	YES
584	TOR_C_0069_tagged.txt	na-OBL	POSS	PROPER	MASC	SG	ANIMATE	YES
586	TOR_C_0038_tagged.txt	na-OBL	POSS	PROPER	MASC	SG	ANIMATE	YES
589	TOR_C_0058_tagged.txt	na-OBL	POSS	PROPER	MASC	SG	ANIMATE	YES
590	TOR_C_0073_tagged.txt	na-OBL	POSS	PROPER	MASC	SG	ANIMATE	YES
668	TOR_C_0002_tagged.txt	na-OBL	POSS	PROPER	MASC	SG	ANIMATE	YES
671	TOR_C_0045_tagged.txt	na-OBL	POSS	PROPER	MASC	SG	ANIMATE	YES
690	TOR_C_0041_tagged.txt	na-OBL	POSS	PROPER	MASC	SG	ANIMATE	YES
691	TOR_C_0073_tagged.txt	na-OBL	POSS	PROPER	MASC	SG	ANIMATE	YES
692	TOR_C_0006_tagged.txt	na-OBL	POSS	PROPER	MASC	SG	ANIMATE	YES
693	TOR_C_0006_tagged.txt	na-OBL	POSS	PROPER	MASC	SG	ANIMATE	YES
708	TOR_C_0041_tagged.txt	na-OBL	POSS	PROPER	MASC	SG	ANIMATE	YES
709	TOR_C_0041_tagged.txt	na-OBL	POSS	PROPER	MASC	SG	ANIMATE	YES
711	TOR_C_0058_tagged.txt	na-OBL	POSS	PROPER	MASC	SG	ANIMATE	YES
712	TOR_C_0058_tagged.txt	na-OBL	POSS	PROPER	MASC	SG	ANIMATE	YES
713	TOR_C_0058_tagged.txt	na-OBL	POSS	PROPER	MASC	SG	ANIMATE	YES
726	TOR_C_0009_tagged.txt	na-OBL	POSS	PROPER	MASC	SG	ANIMATE	YES
753	TOR_C_0045_tagged.txt	na-OBL	POSS	PROPER	MASC	SG	ANIMATE	YES
754	TOR_C_0045_tagged.txt	na-OBL	POSS	PROPER	MASC	SG	ANIMATE	YES
755	TOR_C_0069_tagged.txt	na-OBL	POSS	PROPER	MASC	SG	ANIMATE	YES
763	TOR_C_00020_tagged.txt	na-OBL	POSS	PROPER	MASC	SG	ANIMATE	YES
15	TOR_C_0055_tagged.txt	na-OBL	IO	COMMON	MASC	SG	ANIMATE	YES
16	TOR_C_00024_tagged.txt	na-OBL	IO	COMMON	MASC	SG	ANIMATE	YES
25	TOR_C_0079_tagged.txt	na-OBL	IO	COMMON	MASC	SG	ANIMATE	YES
46	TOR_C_0041_tagged.txt	na-OBL	IO	COMMON	MASC	SG	ANIMATE	YES
47	TOR_C_0080_tagged.txt	na-OBL	IO	COMMON	MASC	SG	ANIMATE	YES
48	TOR_C_0041_tagged.txt	na-OBL	IO	COMMON	MASC	SG	ANIMATE	YES
59	TOR_C_00030_tagged.txt	na-OBL	IO	COMMON	MASC	SG	ANIMATE	YES
60	TOR_C_0047_tagged.txt	na-OBL	IO	COMMON	MASC	SG	ANIMATE	YES
116	TOR_C_0080_tagged.txt	na-OBL	IO	COMMON	MASC	SG	ANIMATE	YES
117	TOR_C_0061_tagged.txt	na-OBL	IO	COMMON	MASC	SG	ANIMATE	YES
121	TOR_C_0006_tagged.txt	na-OBL	IO	COMMON	MASC	SG	ANIMATE	YES
173	TOR_C_00029_tagged.txt	na-OBL	IO	COMMON	MASC	SG	ANIMATE	YES
174	TOR_C_0041_tagged.txt	na-OBL	IO	COMMON	MASC	SG	ANIMATE	YES
175	TOR_C_0005_tagged.txt	na-OBL	IO	COMMON	MASC	SG	ANIMATE	YES
176	TOR_C_0083_tagged.txt	na-OBL	IO	COMMON	MASC	SG	ANIMATE	YES
177	TOR_C_0069_tagged.txt	na-OBL	IO	COMMON	MASC	SG	ANIMATE	YES
178	TOR_C_0064_tagged.txt	na-OBL	IO	COMMON	MASC	SG	ANIMATE	YES
179	TOR_C_0083_tagged.txt	na-OBL	IO	COMMON	MASC	SG	ANIMATE	YES
224	TOR_C_00024_tagged.txt	na-OBL	IO	COMMON	MASC	SG	ANIMATE	YES
227	TOR_C_0062_tagged.txt	na-OBL	IO	COMMON	MASC	SG	ANIMATE	YES
234	TOR_C_0007_tagged.txt	na-OBL	IO	COMMON	MASC	SG	ANIMATE	YES
252	TOR_C_0051_tagged.txt	na-OBL	IO	COMMON	MASC	SG	ANIMATE	YES
253	TOR_C_00024_tagged.txt	na-OBL	IO	COMMON	MASC	SG	ANIMATE	YES
254	TOR_C_00016_tagged.txt	na-OBL	IO	COMMON	MASC	SG	ANIMATE	YES
256	TOR_C_0051_tagged.txt	na-OBL	IO	COMMON	MASC	SG	ANIMATE	YES
264	TOR_C_0066_tagged.txt	na-OBL	IO	COMMON	MASC	SG	ANIMATE	YES
294	TOR_C_00023_tagged.txt	na-OBL	IO	COMMON	MASC	SG	ANIMATE	YES
327	TOR_C_0053_tagged.txt	na-OBL	IO	COMMON	MASC	SG	ANIMATE	YES
336	TOR_C_0041_tagged.txt	na-OBL	IO	COMMON	MASC	SG	ANIMATE	YES
337	TOR_C_0066_tagged.txt	na-OBL	IO	COMMON	MASC	SG	ANIMATE	YES
338	TOR_C_00024_tagged.txt	na-OBL	IO	COMMON	MASC	SG	ANIMATE	YES
339	TOR_C_0083_tagged.txt	na-OBL	IO	COMMON	MASC	SG	ANIMATE	YES
340	TOR_C_00024_tagged.txt	na-OBL	IO	COMMON	MASC	SG	ANIMATE	YES
341	TOR_C_00024_tagged.txt	na-OBL	IO	COMMON	MASC	SG	ANIMATE	YES
342	TOR_C_00024_tagged.txt	na-OBL	IO	COMMON	MASC	SG	ANIMATE	YES
360	TOR_C_0083_tagged.txt	na-OBL	IO	COMMON	MASC	SG	ANIMATE	YES
389	TOR_C_00010_tagged.txt	na-OBL	IO	COMMON	MASC	SG	ANIMATE	YES
396	TOR_C_0070_tagged.txt	na-OBL	IO	COMMON	MASC	SG	ANIMATE	YES
415	TOR_C_0080_tagged.txt	na-OBL	IO	COMMON	MASC	SG	ANIMATE	YES
425	TOR_C_0002_tagged.txt	na-OBL	IO	COMMON	MASC	SG	ANIMATE	YES
427	TOR_C_0056_tagged.txt	na-OBL	IO	COMMON	MASC	SG	ANIMATE	YES
429	TOR_C_00023_tagged.txt	na-OBL	IO	COMMON	MASC	SG	ANIMATE	YES
431	TOR_C_00010_tagged.txt	na-OBL	IO	COMMON	MASC	SG	ANIMATE	YES
433	TOR_C_0040_tagged.txt	na-OBL	IO	COMMON	MASC	SG	ANIMATE	YES
436	TOR_C_0056_tagged.txt	na-OBL	IO	COMMON	MASC	SG	ANIMATE	YES
450	TOR_C_0049_tagged.txt	na-OBL	IO	COMMON	MASC	SG	ANIMATE	YES
451	TOR_C_0046_tagged.txt	na-OBL	IO	COMMON	MASC	SG	ANIMATE	YES
452	TOR_C_00030_tagged.txt	na-OBL	IO	COMMON	MASC	SG	ANIMATE	YES
453	TOR_C_00024_tagged.txt	na-OBL	IO	COMMON	MASC	SG	ANIMATE	YES
464	TOR_C_0051_tagged.txt	na-OBL	IO	COMMON	MASC	SG	ANIMATE	YES
468	TOR_C_0101_tagged.txt	na-OBL	IO	COMMON	MASC	SG	ANIMATE	YES
487	TOR_C_0041_tagged.txt	na-OBL	POSS	COMMON	MASC	SG	ANIMATE	YES
489	TOR_C_0041_tagged.txt	na-OBL	POSS	COMMON	MASC	SG	ANIMATE	YES
500	TOR_C_0037_tagged.txt	na-OBL	POSS	COMMON	MASC	SG	ANIMATE	YES
502	TOR_C_00015_tagged.txt	na-OBL	POSS	COMMON	MASC	SG	ANIMATE	YES
503	TOR_C_0049_tagged.txt	na-OBL	POSS	COMMON	MASC	SG	ANIMATE	YES
518	TOR_C_0076_tagged.txt	na-OBL	POSS	COMMON	MASC	SG	ANIMATE	YES
519	TOR_C_0003_tagged.txt	na-OBL	POSS	COMMON	MASC	SG	ANIMATE	YES
520	TOR_C_0037_tagged.txt	na-OBL	POSS	COMMON	MASC	SG	ANIMATE	YES
536	TOR_C_00029_tagged.txt	na-OBL	POSS	COMMON	MASC	SG	ANIMATE	YES
537	TOR_C_00016_tagged.txt	na-OBL	POSS	COMMON	MASC	SG	ANIMATE	YES
543	TOR_C_0037_tagged.txt	na-OBL	POSS	COMMON	MASC	SG	ANIMATE	YES
597	TOR_C_0041_tagged.txt	na-OBL	POSS	COMMON	MASC	SG	ANIMATE	YES
605	TOR_C_00020_tagged.txt	na-OBL	POSS	COMMON	MASC	SG	ANIMATE	YES
608	TOR_C_0089_tagged.txt	na-OBL	POSS	COMMON	MASC	SG	ANIMATE	YES
610	TOR_C_0052_tagged.txt	na-OBL	POSS	COMMON	MASC	SG	ANIMATE	YES
612	TOR_C_0061_tagged.txt	na-OBL	POSS	COMMON	MASC	SG	ANIMATE	YES
616	TOR_C_0061_tagged.txt	na-OBL	POSS	COMMON	MASC	SG	ANIMATE	YES
618	TOR_C_00013_tagged.txt	na-OBL	POSS	COMMON	MASC	SG	ANIMATE	YES
620	TOR_C_00023_tagged.txt	na-OBL	POSS	COMMON	MASC	SG	ANIMATE	YES
622	TOR_C_0083_tagged.txt	na-OBL	POSS	COMMON	MASC	SG	ANIMATE	YES
624	TOR_C_0086_tagged.txt	na-OBL	POSS	COMMON	MASC	SG	ANIMATE	YES
643	TOR_C_0076_tagged.txt	na-OBL	POSS	COMMON	MASC	SG	ANIMATE	YES
644	TOR_C_0069_tagged.txt	na-OBL	POSS	COMMON	MASC	SG	ANIMATE	YES
645	TOR_C_0041_tagged.txt	na-OBL	POSS	COMMON	MASC	SG	ANIMATE	YES
646	TOR_C_00020_tagged.txt	na-OBL	POSS	COMMON	MASC	SG	ANIMATE	YES
647	TOR_C_00020_tagged.txt	na-OBL	POSS	COMMON	MASC	SG	ANIMATE	YES
648	TOR_C_0074_tagged.txt	na-OBL	POSS	COMMON	MASC	SG	ANIMATE	YES
649	TOR_C_0064_tagged.txt	na-OBL	POSS	COMMON	MASC	SG	ANIMATE	YES
650	TOR_C_0071_tagged.txt	na-OBL	POSS	COMMON	MASC	SG	ANIMATE	YES
665	TOR_C_0053_tagged.txt	na-OBL	POSS	COMMON	MASC	SG	ANIMATE	YES
666	TOR_C_0006_tagged.txt	na-OBL	POSS	COMMON	MASC	SG	ANIMATE	YES
681	TOR_C_0006_tagged.txt	na-OBL	POSS	COMMON	MASC	SG	ANIMATE	YES
683	TOR_C_0073_tagged.txt	na-OBL	POSS	COMMON	MASC	SG	ANIMATE	YES
710	TOR_C_0003_tagged.txt	na-OBL	POSS	COMMON	MASC	SG	ANIMATE	YES
714	TOR_C_00020_tagged.txt	na-OBL	POSS	COMMON	MASC	SG	ANIMATE	YES
733	TOR_C_0089_tagged.txt	na-OBL	POSS	COMMON	MASC	SG	ANIMATE	YES
735	TOR_C_0074_tagged.txt	na-OBL	POSS	COMMON	MASC	SG	ANIMATE	YES
756	TOR_C_0069_tagged.txt	na-OBL	POSS	COMMON	MASC	SG	ANIMATE	YES
758	TOR_C_0037_tagged.txt	na-OBL	POSS	COMMON	MASC	SG	ANIMATE	YES
582	TOR_C_0045_tagged.txt	na-OBL	POSS	PROPER	FEM	SG	ANIMATE	YES
20	TOR_C_0045_tagged.txt	na-OBL	IO	PROPER	FEM	SG	ANIMATE	YES
30	TOR_C_0045_tagged.txt	na-OBL	IO	PROPER	FEM	SG	ANIMATE	YES
33	TOR_C_0064_tagged.txt	na-OBL	IO	PROPER	FEM	SG	ANIMATE	YES
40	TOR_C_00034_tagged.txt	na-OBL	IO	PROPER	FEM	SG	ANIMATE	YES
95	TOR_C_0045_tagged.txt	na-OBL	IO	PROPER	FEM	SG	ANIMATE	YES
122	TOR_C_0082_tagged.txt	na-OBL	IO	PROPER	FEM	SG	ANIMATE	YES
131	TOR_C_0089_tagged.txt	na-OBL	IO	PROPER	FEM	SG	ANIMATE	YES
132	TOR_C_0089_tagged.txt	na-OBL	IO	PROPER	FEM	SG	ANIMATE	YES
133	TOR_C_0089_tagged.txt	na-OBL	IO	PROPER	FEM	SG	ANIMATE	YES
134	TOR_C_0037_tagged.txt	na-OBL	IO	PROPER	FEM	SG	ANIMATE	YES
135	TOR_C_0062_tagged.txt	na-OBL	IO	PROPER	FEM	SG	ANIMATE	YES
145	TOR_C_00033_tagged.txt	na-OBL	IO	PROPER	FEM	SG	ANIMATE	YES
151	TOR_C_0046_tagged.txt	na-OBL	IO	PROPER	FEM	SG	ANIMATE	YES
180	TOR_C_00020_tagged.txt	na-OBL	IO	PROPER	FEM	SG	ANIMATE	YES
211	TOR_C_0080_tagged.txt	na-OBL	IO	PROPER	FEM	SG	ANIMATE	YES
214	TOR_C_0073_tagged.txt	na-OBL	IO	PROPER	FEM	SG	ANIMATE	YES
217	TOR_C_0045_tagged.txt	na-OBL	IO	PROPER	FEM	SG	ANIMATE	YES
218	TOR_C_0041_tagged.txt	na-OBL	IO	PROPER	FEM	SG	ANIMATE	YES
220	TOR_C_0002_tagged.txt	na-OBL	IO	PROPER	FEM	SG	ANIMATE	YES
221	TOR_C_0002_tagged.txt	na-OBL	IO	PROPER	FEM	SG	ANIMATE	YES
332	TOR_C_0037_tagged.txt	na-OBL	IO	PROPER	FEM	SG	ANIMATE	YES
333	TOR_C_0037_tagged.txt	na-OBL	IO	PROPER	FEM	SG	ANIMATE	YES
334	TOR_C_0037_tagged.txt	na-OBL	IO	PROPER	FEM	SG	ANIMATE	YES
350	TOR_C_00023_tagged.txt	na-OBL	IO	PROPER	FEM	SG	ANIMATE	YES
371	TOR_C_0072_tagged.txt	na-OBL	IO	PROPER	FEM	SG	ANIMATE	YES
372	TOR_C_0072_tagged.txt	na-OBL	IO	PROPER	FEM	SG	ANIMATE	YES
459	TOR_C_00032_tagged.txt	na-OBL	IO	PROPER	FEM	SG	ANIMATE	YES
460	TOR_C_0083_tagged.txt	na-OBL	IO	PROPER	FEM	SG	ANIMATE	YES
461	TOR_C_0046_tagged.txt	na-OBL	IO	PROPER	FEM	SG	ANIMATE	YES
473	TOR_C_0045_tagged.txt	na-OBL	IO	PROPER	FEM	SG	ANIMATE	YES
474	TOR_C_0086_tagged.txt	na-OBL	IO	PROPER	FEM	SG	ANIMATE	YES
475	TOR_C_0045_tagged.txt	na-OBL	IO	PROPER	FEM	SG	ANIMATE	YES
476	TOR_C_0086_tagged.txt	na-OBL	IO	PROPER	FEM	SG	ANIMATE	YES
477	TOR_C_0086_tagged.txt	na-OBL	IO	PROPER	FEM	SG	ANIMATE	YES
478	TOR_C_00015_tagged.txt	na-OBL	IO	PROPER	FEM	SG	ANIMATE	YES
479	TOR_C_00024_tagged.txt	na-OBL	IO	PROPER	FEM	SG	ANIMATE	YES
480	TOR_C_0066_tagged.txt	na-OBL	IO	PROPER	FEM	SG	ANIMATE	YES
485	TOR_C_0066_tagged.txt	na-OBL	POSS	PROPER	FEM	SG	ANIMATE	YES
501	TOR_C_0004_tagged.txt	na-OBL	POSS	PROPER	FEM	SG	ANIMATE	YES
504	TOR_C_0045_tagged.txt	na-OBL	POSS	PROPER	FEM	SG	ANIMATE	YES
505	TOR_C_0045_tagged.txt	na-OBL	POSS	PROPER	FEM	SG	ANIMATE	YES
506	TOR_C_0056_tagged.txt	na-OBL	POSS	PROPER	FEM	SG	ANIMATE	YES
507	TOR_C_0062_tagged.txt	na-OBL	POSS	PROPER	FEM	SG	ANIMATE	YES
527	TOR_C_0003_tagged.txt	na-OBL	POSS	PROPER	FEM	SG	ANIMATE	YES
529	TOR_C_0003_tagged.txt	na-OBL	POSS	PROPER	FEM	SG	ANIMATE	YES
531	TOR_C_0048_tagged.txt	na-OBL	POSS	PROPER	FEM	SG	ANIMATE	YES
538	TOR_C_00020_tagged.txt	na-OBL	POSS	PROPER	FEM	SG	ANIMATE	YES
547	TOR_C_0069_tagged.txt	na-OBL	POSS	PROPER	FEM	SG	ANIMATE	YES
548	TOR_C_0001_tagged.txt	na-OBL	POSS	PROPER	FEM	SG	ANIMATE	YES
549	TOR_C_0069_tagged.txt	na-OBL	POSS	PROPER	FEM	SG	ANIMATE	YES
562	TOR_C_0006_tagged.txt	na-OBL	POSS	PROPER	FEM	SG	ANIMATE	YES
563	TOR_C_0006_tagged.txt	na-OBL	POSS	PROPER	FEM	SG	ANIMATE	YES
564	TOR_C_00030_tagged.txt	na-OBL	POSS	PROPER	FEM	SG	ANIMATE	YES
565	TOR_C_0040_tagged.txt	na-OBL	POSS	PROPER	FEM	SG	ANIMATE	YES
566	TOR_C_00028_tagged.txt	na-OBL	POSS	PROPER	FEM	SG	ANIMATE	YES
567	TOR_C_00028_tagged.txt	na-OBL	POSS	PROPER	FEM	SG	ANIMATE	YES
568	TOR_C_0040_tagged.txt	na-OBL	POSS	PROPER	FEM	SG	ANIMATE	YES
571	TOR_C_00023_tagged.txt	na-OBL	POSS	PROPER	FEM	SG	ANIMATE	YES
578	TOR_C_0046_tagged.txt	na-OBL	POSS	PROPER	FEM	SG	ANIMATE	YES
580	TOR_C_0052_tagged.txt	na-OBL	POSS	PROPER	FEM	SG	ANIMATE	YES
581	TOR_C_0056_tagged.txt	na-OBL	POSS	PROPER	FEM	SG	ANIMATE	YES
585	TOR_C_00028_tagged.txt	na-OBL	POSS	PROPER	FEM	SG	ANIMATE	YES
587	TOR_C_0048_tagged.txt	na-OBL	POSS	PROPER	FEM	SG	ANIMATE	YES
588	TOR_C_0048_tagged.txt	na-OBL	POSS	PROPER	FEM	SG	ANIMATE	YES
591	TOR_C_0045_tagged.txt	na-OBL	POSS	PROPER	FEM	SG	ANIMATE	YES
592	TOR_C_0045_tagged.txt	na-OBL	POSS	PROPER	FEM	SG	ANIMATE	YES
593	TOR_C_0045_tagged.txt	na-OBL	POSS	PROPER	FEM	SG	ANIMATE	YES
594	TOR_C_0045_tagged.txt	na-OBL	POSS	PROPER	FEM	SG	ANIMATE	YES
595	TOR_C_0045_tagged.txt	na-OBL	POSS	PROPER	FEM	SG	ANIMATE	YES
596	TOR_C_0002_tagged.txt	na-OBL	POSS	PROPER	FEM	SG	ANIMATE	YES
694	TOR_C_0059_tagged.txt	na-OBL	POSS	PROPER	FEM	SG	ANIMATE	YES
695	TOR_C_0045_tagged.txt	na-OBL	POSS	PROPER	FEM	SG	ANIMATE	YES
696	TOR_C_0005_tagged.txt	na-OBL	POSS	PROPER	FEM	SG	ANIMATE	YES
697	TOR_C_0045_tagged.txt	na-OBL	POSS	PROPER	FEM	SG	ANIMATE	YES
704	TOR_C_0045_tagged.txt	na-OBL	POSS	PROPER	FEM	SG	ANIMATE	YES
705	TOR_C_0045_tagged.txt	na-OBL	POSS	PROPER	FEM	SG	ANIMATE	YES
727	TOR_C_0080_tagged.txt	na-OBL	POSS	PROPER	FEM	SG	ANIMATE	YES
731	TOR_C_0003_tagged.txt	na-OBL	POSS	PROPER	FEM	SG	ANIMATE	YES
737	TOR_C_0045_tagged.txt	na-OBL	POSS	PROPER	FEM	SG	ANIMATE	YES
739	TOR_C_0045_tagged.txt	na-OBL	POSS	PROPER	FEM	SG	ANIMATE	YES
757	TOR_C_0069_tagged.txt	na-OBL	POSS	PROPER	FEM	SG	ANIMATE	YES
759	TOR_C_0069_tagged.txt	na-OBL	POSS	PROPER	FEM	SG	ANIMATE	YES
760	TOR_C_00015_tagged.txt	na-OBL	POSS	PROPER	FEM	SG	ANIMATE	YES
762	TOR_C_0045_tagged.txt	na-OBL	POSS	PROPER	FEM	SG	ANIMATE	YES
546	TOR_C_00029_tagged.txt	na-OBL	POSS	COMMON	FEM	SG	ANIMATE	YES
4	TOR_C_0080_tagged.txt	na-OBL	IO	COMMON	FEM	SG	ANIMATE	YES
6	TOR_C_0060_tagged.txt	na-OBL	IO	COMMON	FEM	SG	ANIMATE	YES
12	TOR_C_00032_tagged.txt	na-OBL	IO	COMMON	FEM	SG	ANIMATE	YES
19	TOR_C_0045_tagged.txt	na-OBL	IO	COMMON	FEM	SG	ANIMATE	YES
23	TOR_C_0002_tagged.txt	na-OBL	IO	COMMON	FEM	SG	ANIMATE	YES
24	TOR_C_0077_tagged.txt	na-OBL	IO	COMMON	FEM	SG	ANIMATE	YES
26	TOR_C_0071_tagged.txt	na-OBL	IO	COMMON	FEM	SG	ANIMATE	YES
27	TOR_C_0080_tagged.txt	na-OBL	IO	COMMON	FEM	SG	ANIMATE	YES
28	TOR_C_00024_tagged.txt	na-OBL	IO	COMMON	FEM	SG	ANIMATE	YES
29	TOR_C_0045_tagged.txt	na-OBL	IO	COMMON	FEM	SG	ANIMATE	YES
31	TOR_C_0045_tagged.txt	na-OBL	IO	COMMON	FEM	SG	ANIMATE	YES
32	TOR_C_0064_tagged.txt	na-OBL	IO	COMMON	FEM	SG	ANIMATE	YES
34	TOR_C_0045_tagged.txt	na-OBL	IO	COMMON	FEM	SG	ANIMATE	YES
35	TOR_C_00034_tagged.txt	na-OBL	IO	COMMON	FEM	SG	ANIMATE	YES
37	TOR_C_0002_tagged.txt	na-OBL	IO	COMMON	FEM	SG	ANIMATE	YES
38	TOR_C_0002_tagged.txt	na-OBL	IO	COMMON	FEM	SG	ANIMATE	YES
39	TOR_C_0089_tagged.txt	na-OBL	IO	COMMON	FEM	SG	ANIMATE	YES
49	TOR_C_0086_tagged.txt	na-OBL	IO	COMMON	FEM	SG	ANIMATE	YES
61	TOR_C_00024_tagged.txt	na-OBL	IO	COMMON	FEM	SG	ANIMATE	YES
62	TOR_C_00010_tagged.txt	na-OBL	IO	COMMON	FEM	SG	ANIMATE	YES
64	TOR_C_0008_tagged.txt	na-OBL	IO	COMMON	FEM	SG	ANIMATE	YES
66	TOR_C_00027_tagged.txt	na-OBL	IO	COMMON	FEM	SG	ANIMATE	YES
67	TOR_C_0073_tagged.txt	na-OBL	IO	COMMON	FEM	SG	ANIMATE	YES
68	TOR_C_0002_tagged.txt	na-OBL	IO	COMMON	FEM	SG	ANIMATE	YES
69	TOR_C_0037_tagged.txt	na-OBL	IO	COMMON	FEM	SG	ANIMATE	YES
70	TOR_C_00020_tagged.txt	na-OBL	IO	COMMON	FEM	SG	ANIMATE	YES
71	TOR_C_0079_tagged.txt	na-OBL	IO	COMMON	FEM	SG	ANIMATE	YES
72	TOR_C_0089_tagged.txt	na-OBL	IO	COMMON	FEM	SG	ANIMATE	YES
73	TOR_C_0037_tagged.txt	na-OBL	IO	COMMON	FEM	SG	ANIMATE	YES
74	TOR_C_00010_tagged.txt	na-OBL	IO	COMMON	FEM	SG	ANIMATE	YES
75	TOR_C_00034_tagged.txt	na-OBL	IO	COMMON	FEM	SG	ANIMATE	YES
76	TOR_C_0046_tagged.txt	na-OBL	IO	COMMON	FEM	SG	ANIMATE	YES
77	TOR_C_0073_tagged.txt	na-OBL	IO	COMMON	FEM	SG	ANIMATE	YES
78	TOR_C_0037_tagged.txt	na-OBL	IO	COMMON	FEM	SG	ANIMATE	YES
79	TOR_C_0042_tagged.txt	na-OBL	IO	COMMON	FEM	SG	ANIMATE	YES
80	TOR_C_0061_tagged.txt	na-OBL	IO	COMMON	FEM	SG	ANIMATE	YES
81	TOR_C_00034_tagged.txt	na-OBL	IO	COMMON	FEM	SG	ANIMATE	YES
82	TOR_C_00034_tagged.txt	na-OBL	IO	COMMON	FEM	SG	ANIMATE	YES
83	TOR_C_0089_tagged.txt	na-OBL	IO	COMMON	FEM	SG	ANIMATE	YES
84	TOR_C_00016_tagged.txt	na-OBL	IO	COMMON	FEM	SG	ANIMATE	YES
85	TOR_C_0040_tagged.txt	na-OBL	IO	COMMON	FEM	SG	ANIMATE	YES
86	TOR_C_0008_tagged.txt	na-OBL	IO	COMMON	FEM	SG	ANIMATE	YES
87	TOR_C_0049_tagged.txt	na-OBL	IO	COMMON	FEM	SG	ANIMATE	YES
88	TOR_C_0050_tagged.txt	na-OBL	IO	COMMON	FEM	SG	ANIMATE	YES
89	TOR_C_0038_tagged.txt	na-OBL	IO	COMMON	FEM	SG	ANIMATE	YES
90	TOR_C_00019_tagged.txt	na-OBL	IO	COMMON	FEM	SG	ANIMATE	YES
91	TOR_C_0080_tagged.txt	na-OBL	IO	COMMON	FEM	SG	ANIMATE	YES
92	TOR_C_00024_tagged.txt	na-OBL	IO	COMMON	FEM	SG	ANIMATE	YES
93	TOR_C_00016_tagged.txt	na-OBL	IO	COMMON	FEM	SG	ANIMATE	YES
94	TOR_C_0045_tagged.txt	na-OBL	IO	COMMON	FEM	SG	ANIMATE	YES
113	TOR_C_0046_tagged.txt	na-OBL	IO	COMMON	FEM	SG	ANIMATE	YES
114	TOR_C_0082_tagged.txt	na-OBL	IO	COMMON	FEM	SG	ANIMATE	YES
115	TOR_C_0002_tagged.txt	na-OBL	IO	COMMON	FEM	SG	ANIMATE	YES
129	TOR_C_0037_tagged.txt	na-OBL	IO	COMMON	FEM	SG	ANIMATE	YES
137	TOR_C_0040_tagged.txt	na-OBL	IO	COMMON	FEM	SG	ANIMATE	YES
140	TOR_C_00016_tagged.txt	na-OBL	IO	COMMON	FEM	SG	ANIMATE	YES
141	TOR_C_0037_tagged.txt	na-OBL	IO	COMMON	FEM	SG	ANIMATE	YES
142	TOR_C_0073_tagged.txt	na-OBL	IO	COMMON	FEM	SG	ANIMATE	YES
143	TOR_C_0064_tagged.txt	na-OBL	IO	COMMON	FEM	SG	ANIMATE	YES
144	TOR_C_0083_tagged.txt	na-OBL	IO	COMMON	FEM	SG	ANIMATE	YES
146	TOR_C_00030_tagged.txt	na-OBL	IO	COMMON	FEM	SG	ANIMATE	YES
149	TOR_C_0041_tagged.txt	na-OBL	IO	COMMON	FEM	SG	ANIMATE	YES
150	TOR_C_0086_tagged.txt	na-OBL	IO	COMMON	FEM	SG	ANIMATE	YES
161	TOR_C_0073_tagged.txt	na-OBL	IO	COMMON	FEM	SG	ANIMATE	YES
194	TOR_C_0037_tagged.txt	na-OBL	IO	COMMON	FEM	SG	ANIMATE	YES
197	TOR_C_0037_tagged.txt	na-OBL	IO	COMMON	FEM	SG	ANIMATE	YES
198	TOR_C_0002_tagged.txt	na-OBL	IO	COMMON	FEM	SG	ANIMATE	YES
199	TOR_C_0041_tagged.txt	na-OBL	IO	COMMON	FEM	SG	ANIMATE	YES
200	TOR_C_00024_tagged.txt	na-OBL	IO	COMMON	FEM	SG	ANIMATE	YES
201	TOR_C_00024_tagged.txt	na-OBL	IO	COMMON	FEM	SG	ANIMATE	YES
202	TOR_C_0037_tagged.txt	na-OBL	IO	COMMON	FEM	SG	ANIMATE	YES
230	TOR_C_00029_tagged.txt	na-OBL	IO	COMMON	FEM	SG	ANIMATE	YES
239	TOR_C_00016_tagged.txt	na-OBL	IO	COMMON	FEM	SG	ANIMATE	YES
241	TOR_C_00029_tagged.txt	na-OBL	IO	COMMON	FEM	SG	ANIMATE	YES
243	TOR_C_00030_tagged.txt	na-OBL	IO	COMMON	FEM	SG	ANIMATE	YES
245	TOR_C_0051_tagged.txt	na-OBL	IO	COMMON	FEM	SG	ANIMATE	YES
247	TOR_C_0069_tagged.txt	na-OBL	IO	COMMON	FEM	SG	ANIMATE	YES
249	TOR_C_00033_tagged.txt	na-OBL	IO	COMMON	FEM	SG	ANIMATE	YES
251	TOR_C_00034_tagged.txt	na-OBL	IO	COMMON	FEM	SG	ANIMATE	YES
274	TOR_C_00016_tagged.txt	na-OBL	IO	COMMON	FEM	SG	ANIMATE	YES
284	TOR_C_00016_tagged.txt	na-OBL	IO	COMMON	FEM	SG	ANIMATE	YES
297	TOR_C_00034_tagged.txt	na-OBL	IO	COMMON	FEM	SG	ANIMATE	YES
323	TOR_C_0049_tagged.txt	na-OBL	IO	COMMON	FEM	SG	ANIMATE	YES
325	TOR_C_0046_tagged.txt	na-OBL	IO	COMMON	FEM	SG	ANIMATE	YES
326	TOR_C_0086_tagged.txt	na-OBL	IO	COMMON	FEM	SG	ANIMATE	YES
345	TOR_C_00024_tagged.txt	na-OBL	IO	COMMON	FEM	SG	ANIMATE	YES
348	TOR_C_0083_tagged.txt	na-OBL	IO	COMMON	FEM	SG	ANIMATE	YES
349	TOR_C_00024_tagged.txt	na-OBL	IO	COMMON	FEM	SG	ANIMATE	YES
351	TOR_C_00010_tagged.txt	na-OBL	IO	COMMON	FEM	SG	ANIMATE	YES
358	TOR_C_0086_tagged.txt	na-OBL	IO	COMMON	FEM	SG	ANIMATE	YES
361	TOR_C_0064_tagged.txt	na-OBL	IO	COMMON	FEM	SG	ANIMATE	YES
362	TOR_C_0069_tagged.txt	na-OBL	IO	COMMON	FEM	SG	ANIMATE	YES
390	TOR_C_0083_tagged.txt	na-OBL	IO	COMMON	FEM	SG	ANIMATE	YES
391	TOR_C_00010_tagged.txt	na-OBL	IO	COMMON	FEM	SG	ANIMATE	YES
392	TOR_C_00010_tagged.txt	na-OBL	IO	COMMON	FEM	SG	ANIMATE	YES
393	TOR_C_0041_tagged.txt	na-OBL	IO	COMMON	FEM	SG	ANIMATE	YES
394	TOR_C_00010_tagged.txt	na-OBL	IO	COMMON	FEM	SG	ANIMATE	YES
395	TOR_C_0089_tagged.txt	na-OBL	IO	COMMON	FEM	SG	ANIMATE	YES
416	TOR_C_0064_tagged.txt	na-OBL	IO	COMMON	FEM	SG	ANIMATE	YES
417	TOR_C_0002_tagged.txt	na-OBL	IO	COMMON	FEM	SG	ANIMATE	YES
442	TOR_C_0037_tagged.txt	na-OBL	IO	COMMON	FEM	SG	ANIMATE	YES
444	TOR_C_0059_tagged.txt	na-OBL	IO	COMMON	FEM	SG	ANIMATE	YES
446	TOR_C_0089_tagged.txt	na-OBL	IO	COMMON	FEM	SG	ANIMATE	YES
454	TOR_C_00019_tagged.txt	na-OBL	IO	COMMON	FEM	SG	ANIMATE	YES
465	TOR_C_0064_tagged.txt	na-OBL	IO	COMMON	FEM	SG	ANIMATE	YES
466	TOR_C_0086_tagged.txt	na-OBL	IO	COMMON	FEM	SG	ANIMATE	YES
471	TOR_C_0089_tagged.txt	na-OBL	IO	COMMON	FEM	SG	ANIMATE	YES
472	TOR_C_0045_tagged.txt	na-OBL	IO	COMMON	FEM	SG	ANIMATE	YES
491	TOR_C_0051_tagged.txt	na-OBL	POSS	COMMON	FEM	SG	ANIMATE	YES
498	TOR_C_00024_tagged.txt	na-OBL	POSS	COMMON	FEM	SG	ANIMATE	YES
508	TOR_C_0069_tagged.txt	na-OBL	POSS	COMMON	FEM	SG	ANIMATE	YES
509	TOR_C_0003_tagged.txt	na-OBL	POSS	COMMON	FEM	SG	ANIMATE	YES
510	TOR_C_00023_tagged.txt	na-OBL	POSS	COMMON	FEM	SG	ANIMATE	YES
511	TOR_C_0009_tagged.txt	na-OBL	POSS	COMMON	FEM	SG	ANIMATE	YES
512	TOR_C_0049_tagged.txt	na-OBL	POSS	COMMON	FEM	SG	ANIMATE	YES
513	TOR_C_0038_tagged.txt	na-OBL	POSS	COMMON	FEM	SG	ANIMATE	YES
514	TOR_C_0001_tagged.txt	na-OBL	POSS	COMMON	FEM	SG	ANIMATE	YES
515	TOR_C_0001_tagged.txt	na-OBL	POSS	COMMON	FEM	SG	ANIMATE	YES
516	TOR_C_0067_tagged.txt	na-OBL	POSS	COMMON	FEM	SG	ANIMATE	YES
517	TOR_C_0061_tagged.txt	na-OBL	POSS	COMMON	FEM	SG	ANIMATE	YES
523	TOR_C_0052_tagged.txt	na-OBL	POSS	COMMON	FEM	SG	ANIMATE	YES
526	TOR_C_0003_tagged.txt	na-OBL	POSS	COMMON	FEM	SG	ANIMATE	YES
528	TOR_C_0003_tagged.txt	na-OBL	POSS	COMMON	FEM	SG	ANIMATE	YES
530	TOR_C_0048_tagged.txt	na-OBL	POSS	COMMON	FEM	SG	ANIMATE	YES
532	TOR_C_0086_tagged.txt	na-OBL	POSS	COMMON	FEM	SG	ANIMATE	YES
533	TOR_C_0009_tagged.txt	na-OBL	POSS	COMMON	FEM	SG	ANIMATE	YES
569	TOR_C_0051_tagged.txt	na-OBL	POSS	COMMON	FEM	SG	ANIMATE	YES
570	TOR_C_0009_tagged.txt	na-OBL	POSS	COMMON	FEM	SG	ANIMATE	YES
572	TOR_C_0002_tagged.txt	na-OBL	POSS	COMMON	FEM	SG	ANIMATE	YES
573	TOR_C_0089_tagged.txt	na-OBL	POSS	COMMON	FEM	SG	ANIMATE	YES
574	TOR_C_00013_tagged.txt	na-OBL	POSS	COMMON	FEM	SG	ANIMATE	YES
575	TOR_C_0037_tagged.txt	na-OBL	POSS	COMMON	FEM	SG	ANIMATE	YES
599	TOR_C_0083_tagged.txt	na-OBL	POSS	COMMON	FEM	SG	ANIMATE	YES
601	TOR_C_0083_tagged.txt	na-OBL	POSS	COMMON	FEM	SG	ANIMATE	YES
603	TOR_C_0049_tagged.txt	na-OBL	POSS	COMMON	FEM	SG	ANIMATE	YES
614	TOR_C_00033_tagged.txt	na-OBL	POSS	COMMON	FEM	SG	ANIMATE	YES
626	TOR_C_00016_tagged.txt	na-OBL	POSS	COMMON	FEM	SG	ANIMATE	YES
628	TOR_C_0045_tagged.txt	na-OBL	POSS	COMMON	FEM	SG	ANIMATE	YES
632	TOR_C_0078_tagged.txt	na-OBL	POSS	COMMON	FEM	SG	ANIMATE	YES
634	TOR_C_0041_tagged.txt	na-OBL	POSS	COMMON	FEM	SG	ANIMATE	YES
636	TOR_C_0047_tagged.txt	na-OBL	POSS	COMMON	FEM	SG	ANIMATE	YES
638	TOR_C_00034_tagged.txt	na-OBL	POSS	COMMON	FEM	SG	ANIMATE	YES
640	TOR_C_0086_tagged.txt	na-OBL	POSS	COMMON	FEM	SG	ANIMATE	YES
642	TOR_C_0049_tagged.txt	na-OBL	POSS	COMMON	FEM	SG	ANIMATE	YES
685	TOR_C_0051_tagged.txt	na-OBL	POSS	COMMON	FEM	SG	ANIMATE	YES
698	TOR_C_0061_tagged.txt	na-OBL	POSS	COMMON	FEM	SG	ANIMATE	YES
699	TOR_C_00033_tagged.txt	na-OBL	POSS	COMMON	FEM	SG	ANIMATE	YES
700	TOR_C_00016_tagged.txt	na-OBL	POSS	COMMON	FEM	SG	ANIMATE	YES
701	TOR_C_0037_tagged.txt	na-OBL	POSS	COMMON	FEM	SG	ANIMATE	YES
702	TOR_C_00034_tagged.txt	na-OBL	POSS	COMMON	FEM	SG	ANIMATE	YES
703	TOR_C_00034_tagged.txt	na-OBL	POSS	COMMON	FEM	SG	ANIMATE	YES
706	TOR_C_0041_tagged.txt	na-OBL	POSS	COMMON	FEM	SG	ANIMATE	YES
707	TOR_C_00034_tagged.txt	na-OBL	POSS	COMMON	FEM	SG	ANIMATE	YES
715	TOR_C_0083_tagged.txt	na-OBL	POSS	COMMON	FEM	SG	ANIMATE	YES
716	TOR_C_00034_tagged.txt	na-OBL	POSS	COMMON	FEM	SG	ANIMATE	YES
717	TOR_C_0003_tagged.txt	na-OBL	POSS	COMMON	FEM	SG	ANIMATE	YES
718	TOR_C_00010_tagged.txt	na-OBL	POSS	COMMON	FEM	SG	ANIMATE	YES
719	TOR_C_0003_tagged.txt	na-OBL	POSS	COMMON	FEM	SG	ANIMATE	YES
720	TOR_C_0070_tagged.txt	na-OBL	POSS	COMMON	FEM	SG	ANIMATE	YES
722	TOR_C_0041_tagged.txt	na-OBL	POSS	COMMON	FEM	SG	ANIMATE	YES
723	TOR_C_0074_tagged.txt	na-OBL	POSS	COMMON	FEM	SG	ANIMATE	YES
724	TOR_C_0054_tagged.txt	na-OBL	POSS	COMMON	FEM	SG	ANIMATE	YES
730	TOR_C_0003_tagged.txt	na-OBL	POSS	COMMON	FEM	SG	ANIMATE	YES
742	TOR_C_0062_tagged.txt	na-OBL	POSS	COMMON	FEM	SG	ANIMATE	YES
744	TOR_C_0082_tagged.txt	na-OBL	POSS	COMMON	FEM	SG	ANIMATE	YES
746	TOR_C_0002_tagged.txt	na-OBL	POSS	COMMON	FEM	SG	ANIMATE	YES
748	TOR_C_0051_tagged.txt	na-OBL	POSS	COMMON	FEM	SG	ANIMATE	YES
750	TOR_C_00024_tagged.txt	na-OBL	POSS	COMMON	FEM	SG	ANIMATE	YES
761	TOR_C_0008_tagged.txt	na-OBL	POSS	COMMON	FEM	SG	ANIMATE	YES
17	TOR_C_00017_tagged.txt	na-OBL	IO	COMMON	NEUT	SG	ANIMATE	YES
96	TOR_C_0037_tagged.txt	na-OBL	IO	COMMON	NEUT	SG	ANIMATE	YES
97	TOR_C_0061_tagged.txt	na-OBL	IO	COMMON	NEUT	SG	ANIMATE	YES
98	TOR_C_00018_tagged.txt	na-OBL	IO	COMMON	NEUT	SG	ANIMATE	YES
99	TOR_C_00010_tagged.txt	na-OBL	IO	COMMON	NEUT	SG	ANIMATE	YES
100	TOR_C_0086_tagged.txt	na-OBL	IO	COMMON	NEUT	SG	ANIMATE	YES
101	TOR_C_0037_tagged.txt	na-OBL	IO	COMMON	NEUT	SG	ANIMATE	YES
102	TOR_C_0008_tagged.txt	na-OBL	IO	COMMON	NEUT	SG	ANIMATE	YES
103	TOR_C_0071_tagged.txt	na-OBL	IO	COMMON	NEUT	SG	ANIMATE	YES
104	TOR_C_00019_tagged.txt	na-OBL	IO	COMMON	NEUT	SG	ANIMATE	YES
105	TOR_C_0048_tagged.txt	na-OBL	IO	COMMON	NEUT	SG	ANIMATE	YES
106	TOR_C_0066_tagged.txt	na-OBL	IO	COMMON	NEUT	SG	ANIMATE	YES
107	TOR_C_0066_tagged.txt	na-OBL	IO	COMMON	NEUT	SG	ANIMATE	YES
108	TOR_C_0039_tagged.txt	na-OBL	IO	COMMON	NEUT	SG	ANIMATE	YES
109	TOR_C_0089_tagged.txt	na-OBL	IO	COMMON	NEUT	SG	ANIMATE	YES
110	TOR_C_00023_tagged.txt	na-OBL	IO	COMMON	NEUT	SG	ANIMATE	YES
111	TOR_C_0042_tagged.txt	na-OBL	IO	COMMON	NEUT	SG	ANIMATE	YES
112	TOR_C_0042_tagged.txt	na-OBL	IO	COMMON	NEUT	SG	ANIMATE	YES
314	TOR_C_0083_tagged.txt	na-OBL	IO	COMMON	NEUT	SG	ANIMATE	YES
374	TOR_C_0045_tagged.txt	na-OBL	IO	COMMON	NEUT	SG	ANIMATE	YES
438	TOR_C_0050_tagged.txt	na-OBL	IO	COMMON	NEUT	SG	ANIMATE	YES
440	TOR_C_0050_tagged.txt	na-OBL	IO	COMMON	NEUT	SG	ANIMATE	YES
534	TOR_C_0037_tagged.txt	na-OBL	POSS	COMMON	NEUT	SG	ANIMATE	YES
535	TOR_C_00033_tagged.txt	na-OBL	POSS	COMMON	NEUT	SG	ANIMATE	YES
673	TOR_C_00020_tagged.txt	na-OBL	POSS	COMMON	NEUT	SG	ANIMATE	YES
752	TOR_C_0070_tagged.txt	na-OBL	POSS	COMMON	NEUT	SG	ANIMATE	YES
50	TOR_C_0051_tagged.txt	na-OBL	IO	PROPER	MASC	PL	ANIMATE	YES
130	TOR_C_0002_tagged.txt	na-OBL	IO	PROPER	MASC	PL	ANIMATE	YES
331	TOR_C_00030_tagged.txt	na-OBL	IO	PROPER	MASC	PL	ANIMATE	YES
118	TOR_C_0045_tagged.txt	na-OBL	IO	COMMON	MASC	PL	ANIMATE	YES
136	TOR_C_0038_tagged.txt	na-OBL	IO	COMMON	MASC	PL	ANIMATE	YES
181	TOR_C_0051_tagged.txt	na-OBL	IO	COMMON	MASC	PL	ANIMATE	YES
182	TOR_C_0083_tagged.txt	na-OBL	IO	COMMON	MASC	PL	ANIMATE	YES
183	TOR_C_0037_tagged.txt	na-OBL	IO	COMMON	MASC	PL	ANIMATE	YES
184	TOR_C_0086_tagged.txt	na-OBL	IO	COMMON	MASC	PL	ANIMATE	YES
185	TOR_C_00016_tagged.txt	na-OBL	IO	COMMON	MASC	PL	ANIMATE	YES
186	TOR_C_00033_tagged.txt	na-OBL	IO	COMMON	MASC	PL	ANIMATE	YES
187	TOR_C_0053_tagged.txt	na-OBL	IO	COMMON	MASC	PL	ANIMATE	YES
188	TOR_C_0056_tagged.txt	na-OBL	IO	COMMON	MASC	PL	ANIMATE	YES
189	TOR_C_00016_tagged.txt	na-OBL	IO	COMMON	MASC	PL	ANIMATE	YES
190	TOR_C_0049_tagged.txt	na-OBL	IO	COMMON	MASC	PL	ANIMATE	YES
191	TOR_C_0083_tagged.txt	na-OBL	IO	COMMON	MASC	PL	ANIMATE	YES
192	TOR_C_0101_tagged.txt	na-OBL	IO	COMMON	MASC	PL	ANIMATE	YES
193	TOR_C_0059_tagged.txt	na-OBL	IO	COMMON	MASC	PL	ANIMATE	YES
195	TOR_C_0080_tagged.txt	na-OBL	IO	COMMON	MASC	PL	ANIMATE	YES
196	TOR_C_0050_tagged.txt	na-OBL	IO	COMMON	MASC	PL	ANIMATE	YES
223	TOR_C_0007_tagged.txt	na-OBL	IO	COMMON	MASC	PL	ANIMATE	YES
289	TOR_C_0066_tagged.txt	na-OBL	IO	COMMON	MASC	PL	ANIMATE	YES
309	TOR_C_0041_tagged.txt	na-OBL	IO	COMMON	MASC	PL	ANIMATE	YES
322	TOR_C_0047_tagged.txt	na-OBL	IO	COMMON	MASC	PL	ANIMATE	YES
324	TOR_C_0064_tagged.txt	na-OBL	IO	COMMON	MASC	PL	ANIMATE	YES
343	TOR_C_0045_tagged.txt	na-OBL	IO	COMMON	MASC	PL	ANIMATE	YES
344	TOR_C_00029_tagged.txt	na-OBL	IO	COMMON	MASC	PL	ANIMATE	YES
352	TOR_C_0002_tagged.txt	na-OBL	IO	COMMON	MASC	PL	ANIMATE	YES
355	TOR_C_0075_tagged.txt	na-OBL	IO	COMMON	MASC	PL	ANIMATE	YES
463	TOR_C_00029_tagged.txt	na-OBL	IO	COMMON	MASC	PL	ANIMATE	YES
677	TOR_C_00010_tagged.txt	na-OBL	POSS	COMMON	MASC	PL	ANIMATE	YES
751	TOR_C_0070_tagged.txt	na-OBL	POSS	COMMON	MASC	PL	ANIMATE	YES
232	TOR_C_00018_tagged.txt	na-OBL	IO	COMMON	FEM	PL	ANIMATE	YES
159	TOR_C_0037_tagged.txt	na-OBL	IO	COMMON	FEM	PL	ANIMATE	YES
160	TOR_C_0050_tagged.txt	na-OBL	IO	COMMON	FEM	PL	ANIMATE	YES
347	TOR_C_0086_tagged.txt	na-OBL	IO	COMMON	FEM	PL	ANIMATE	YES
470	TOR_C_0037_tagged.txt	na-OBL	IO	COMMON	FEM	PL	ANIMATE	YES
559	TOR_C_0009_tagged.txt	na-OBL	POSS	COMMON	FEM	PL	ANIMATE	YES
675	TOR_C_0066_tagged.txt	na-OBL	POSS	COMMON	FEM	PL	ANIMATE	YES
55	TOR_C_00020_tagged.txt	na-OBL	IO	PROPER	NEUT	PL	ANIMATE	YES
484	TOR_C_0037_tagged.txt	na-OBL	POSS	PROPER	NEUT	PL	ANIMATE	YES
1599	TOR_C_0086_tagged.txt	DAT	IO	PROPER	MASC	SG	ANIMATE	YES
1600	TOR_C_0086_tagged.txt	DAT	IO	PROPER	MASC	SG	ANIMATE	YES
3930	TOR_C_0003_tagged.txt	DAT	POSS	PROPER	MASC	SG	ANIMATE	YES
764	TOR_C_0053_tagged.txt	DAT	IO	COMMON	MASC	SG	ANIMATE	YES
765	TOR_C_00024_tagged.txt	DAT	IO	COMMON	MASC	SG	ANIMATE	YES
768	TOR_C_0046_tagged.txt	DAT	IO	COMMON	MASC	SG	ANIMATE	YES
769	TOR_C_0061_tagged.txt	DAT	IO	COMMON	MASC	SG	ANIMATE	YES
2960	TOR_C_00018_tagged.txt	DAT	IO	COMMON	MASC	SG	ANIMATE	YES
2961	TOR_C_0001_tagged.txt	DAT	IO	COMMON	MASC	SG	ANIMATE	YES
2962	TOR_C_00024_tagged.txt	DAT	IO	COMMON	MASC	SG	ANIMATE	YES
2963	TOR_C_00024_tagged.txt	DAT	IO	COMMON	MASC	SG	ANIMATE	YES
2964	TOR_C_00030_tagged.txt	DAT	IO	COMMON	MASC	SG	ANIMATE	YES
2965	TOR_C_00030_tagged.txt	DAT	IO	COMMON	MASC	SG	ANIMATE	YES
2966	TOR_C_00030_tagged.txt	DAT	IO	COMMON	MASC	SG	ANIMATE	YES
2967	TOR_C_00030_tagged.txt	DAT	IO	COMMON	MASC	SG	ANIMATE	YES
2968	TOR_C_00032_tagged.txt	DAT	IO	COMMON	MASC	SG	ANIMATE	YES
2969	TOR_C_00032_tagged.txt	DAT	IO	COMMON	MASC	SG	ANIMATE	YES
2970	TOR_C_0003_tagged.txt	DAT	IO	COMMON	MASC	SG	ANIMATE	YES
1008	TOR_C_0083_tagged.txt	DAT	IO	PROPER	FEM	SG	ANIMATE	YES
2957	TOR_C_0045_tagged.txt	DAT	IO	PROPER	FEM	SG	ANIMATE	YES
2958	TOR_C_0045_tagged.txt	DAT	IO	PROPER	FEM	SG	ANIMATE	YES
766	TOR_C_0081_tagged.txt	DAT	IO	COMMON	FEM	SG	ANIMATE	YES
2185	TOR_C_0061_tagged.txt	DAT	IO	COMMON	FEM	SG	ANIMATE	YES
2959	TOR_C_0091_tagged.txt	DAT	IO	COMMON	FEM	SG	ANIMATE	YES
2183	TOR_C_0098_tagged.txt	DAT	IO	COMMON	MASC	PL	ANIMATE	YES
2197	TOR_C_0093_tagged.txt	DAT	IO	COMMON	MASC	PL	ANIMATE	YES
2974	TOR_C_00024_tagged.txt	DAT	IO	COMMON	MASC	PL	ANIMATE	YES
771	TOR_C_0081_tagged.txt	DAT	IO	COMMON	FEM	PL	ANIMATE	YES
2184	TOR_C_0045_tagged.txt	DAT	IO	COMMON	FEM	PL	ANIMATE	YES
2198	TOR_C_0093_tagged.txt	DAT	IO	COMMON	FEM	PL	ANIMATE	YES