ID	Transcript number	PERSON	NUMBER	PERSON.NUMBER	ANIMACY	REFLEXIVITY	VOICE
1	TOR_C_0037_tagged.txt	1	PL	1PL	ANIMATE	NON-REFL	ACTIVE
2	TOR_C_0041_tagged.txt	1	PL	1PL	ANIMATE	NON-REFL	ACTIVE
3	TOR_C_0002_tagged.txt	1	PL	1PL	ANIMATE	NON-REFL	ACTIVE
4	TOR_C_0002_tagged.txt	1	PL	1PL	ANIMATE	NON-REFL	ACTIVE
5	TOR_C_0003_tagged.txt	1	PL	1PL	ANIMATE	NON-REFL	ACTIVE
6	TOR_C_0049_tagged.txt	1	PL	1PL	ANIMATE	NON-REFL	ACTIVE
7	TOR_C_0052_tagged.txt	1	PL	1PL	ANIMATE	NON-REFL	ACTIVE
8	TOR_C_0002_tagged.txt	1	PL	1PL	ANIMATE	NON-REFL	ACTIVE
9	TOR_C_0052_tagged.txt	1	PL	1PL	ANIMATE	NON-REFL	ACTIVE
10	TOR_C_00011_tagged.txt	1	PL	1PL	ANIMATE	NON-REFL	ACTIVE
11	TOR_C_00024_tagged.txt	1	PL	1PL	ANIMATE	NON-REFL	ACTIVE
12	TOR_C_00024_tagged.txt	1	PL	1PL	ANIMATE	NON-REFL	ACTIVE
13	TOR_C_0050_tagged.txt	1	PL	1PL	ANIMATE	NON-REFL	ACTIVE
14	TOR_C_0055_tagged.txt	1	PL	1PL	ANIMATE	NON-REFL	ACTIVE
15	TOR_C_0049_tagged.txt	1	PL	1PL	ANIMATE	NON-REFL	ACTIVE
16	TOR_C_0049_tagged.txt	1	PL	1PL	ANIMATE	NON-REFL	ACTIVE
17	TOR_C_0082_tagged.txt	1	PL	1PL	ANIMATE	NON-REFL	ACTIVE
18	TOR_C_0053_tagged.txt	1	PL	1PL	ANIMATE	NON-REFL	ACTIVE
19	TOR_C_00033_tagged.txt	1	PL	1PL	ANIMATE	NON-REFL	ACTIVE
20	TOR_C_0041_tagged.txt	1	PL	1PL	ANIMATE	NON-REFL	ACTIVE
21	TOR_C_0083_tagged.txt	1	PL	1PL	ANIMATE	NON-REFL	ACTIVE
22	TOR_C_0083_tagged.txt	1	PL	1PL	ANIMATE	NON-REFL	ACTIVE
23	TOR_C_0041_tagged.txt	1	PL	1PL	ANIMATE	NON-REFL	ACTIVE
24	TOR_C_0069_tagged.txt	1	PL	1PL	ANIMATE	NON-REFL	ACTIVE
25	TOR_C_00034_tagged.txt	1	PL	1PL	ANIMATE	NON-REFL	ACTIVE
26	TOR_C_0049_tagged.txt	1	PL	1PL	ANIMATE	NON-REFL	ACTIVE
27	TOR_C_0071_tagged.txt	1	PL	1PL	ANIMATE	NON-REFL	ACTIVE
28	TOR_C_0071_tagged.txt	1	PL	1PL	ANIMATE	NON-REFL	ACTIVE
29	TOR_C_0083_tagged.txt	1	PL	1PL	ANIMATE	NON-REFL	ACTIVE
30	TOR_C_0009_tagged.txt	1	PL	1PL	ANIMATE	NON-REFL	ACTIVE
31	TOR_C_0009_tagged.txt	1	PL	1PL	ANIMATE	NON-REFL	ACTIVE
32	TOR_C_0040_tagged.txt	1	PL	1PL	ANIMATE	NON-REFL	ACTIVE
33	TOR_C_0050_tagged.txt	1	PL	1PL	ANIMATE	NON-REFL	ACTIVE
34	TOR_C_0003_tagged.txt	1	PL	1PL	ANIMATE	NON-REFL	ACTIVE
35	TOR_C_0005_tagged.txt	1	PL	1PL	ANIMATE	NON-REFL	ACTIVE
36	TOR_C_00013_tagged.txt	1	PL	1PL	ANIMATE	NON-REFL	ACTIVE
37	TOR_C_00013_tagged.txt	1	PL	1PL	ANIMATE	NON-REFL	ACTIVE
38	TOR_C_0001_tagged.txt	1	PL	1PL	ANIMATE	NON-REFL	ACTIVE
39	TOR_C_00010_tagged.txt	1	PL	1PL	ANIMATE	NON-REFL	ACTIVE
40	TOR_C_00010_tagged.txt	1	PL	1PL	ANIMATE	NON-REFL	ACTIVE
41	TOR_C_00034_tagged.txt	1	PL	1PL	ANIMATE	NON-REFL	ACTIVE
42	TOR_C_00034_tagged.txt	1	PL	1PL	ANIMATE	NON-REFL	ACTIVE
43	TOR_C_00034_tagged.txt	1	PL	1PL	ANIMATE	NON-REFL	ACTIVE
44	TOR_C_0041_tagged.txt	1	PL	1PL	ANIMATE	NON-REFL	ACTIVE
45	TOR_C_0045_tagged.txt	1	PL	1PL	ANIMATE	NON-REFL	ACTIVE
46	TOR_C_0046_tagged.txt	1	PL	1PL	ANIMATE	NON-REFL	ACTIVE
47	TOR_C_0046_tagged.txt	1	PL	1PL	ANIMATE	NON-REFL	ACTIVE
48	TOR_C_0052_tagged.txt	1	PL	1PL	ANIMATE	NON-REFL	ACTIVE
49	TOR_C_0071_tagged.txt	1	PL	1PL	ANIMATE	NON-REFL	ACTIVE
50	TOR_C_0071_tagged.txt	1	PL	1PL	ANIMATE	NON-REFL	ACTIVE
51	TOR_C_0101_tagged.txt	1	PL	1PL	ANIMATE	NON-REFL	ACTIVE
52	TOR_C_00019_tagged.txt	1	PL	1PL	ANIMATE	NON-REFL	ACTIVE
53	TOR_C_00024_tagged.txt	1	PL	1PL	ANIMATE	NON-REFL	ACTIVE
54	TOR_C_00019_tagged.txt	1	PL	1PL	ANIMATE	NON-REFL	ACTIVE
55	TOR_C_00019_tagged.txt	1	PL	1PL	ANIMATE	NON-REFL	ACTIVE
56	TOR_C_00033_tagged.txt	1	PL	1PL	ANIMATE	NON-REFL	ACTIVE
57	TOR_C_0047_tagged.txt	1	PL	1PL	ANIMATE	NON-REFL	ACTIVE
58	TOR_C_0100_tagged.txt	1	PL	1PL	ANIMATE	NON-REFL	ACTIVE
59	TOR_C_00019_tagged.txt	1	PL	1PL	ANIMATE	NON-REFL	ACTIVE
60	TOR_C_00019_tagged.txt	1	PL	1PL	ANIMATE	NON-REFL	ACTIVE
61	TOR_C_00019_tagged.txt	1	PL	1PL	ANIMATE	NON-REFL	ACTIVE
62	TOR_C_00019_tagged.txt	1	PL	1PL	ANIMATE	NON-REFL	ACTIVE
63	TOR_C_00019_tagged.txt	1	PL	1PL	ANIMATE	NON-REFL	ACTIVE
64	TOR_C_00019_tagged.txt	1	PL	1PL	ANIMATE	NON-REFL	ACTIVE
65	TOR_C_0037_tagged.txt	1	PL	1PL	ANIMATE	NON-REFL	ACTIVE
66	TOR_C_00023_tagged.txt	1	PL	1PL	ANIMATE	NON-REFL	ACTIVE
67	TOR_C_00011_tagged.txt	1	PL	1PL	ANIMATE	NON-REFL	ACTIVE
68	TOR_C_00019_tagged.txt	1	PL	1PL	ANIMATE	NON-REFL	ACTIVE
69	TOR_C_0050_tagged.txt	1	PL	1PL	ANIMATE	NON-REFL	ACTIVE
70	TOR_C_00021_tagged.txt	1	PL	1PL	ANIMATE	NON-REFL	ACTIVE
71	TOR_C_0004_tagged.txt	1	PL	1PL	ANIMATE	NON-REFL	ACTIVE
72	TOR_C_0084_tagged.txt	1	PL	1PL	ANIMATE	NON-REFL	ACTIVE
73	TOR_C_00019_tagged.txt	1	PL	1PL	ANIMATE	NON-REFL	ACTIVE
74	TOR_C_00019_tagged.txt	1	PL	1PL	ANIMATE	NON-REFL	ACTIVE
75	TOR_C_00033_tagged.txt	1	PL	1PL	ANIMATE	NON-REFL	ACTIVE
76	TOR_C_0049_tagged.txt	1	PL	1PL	ANIMATE	NON-REFL	ACTIVE
77	TOR_C_00034_tagged.txt	1	PL	1PL	ANIMATE	NON-REFL	ACTIVE
78	TOR_C_0041_tagged.txt	1	PL	1PL	ANIMATE	NON-REFL	ACTIVE
79	TOR_C_00019_tagged.txt	1	PL	1PL	ANIMATE	NON-REFL	ACTIVE
80	TOR_C_00011_tagged.txt	1	PL	1PL	ANIMATE	NON-REFL	ACTIVE
81	TOR_C_00034_tagged.txt	1	PL	1PL	ANIMATE	NON-REFL	ACTIVE
82	TOR_C_00021_tagged.txt	1	PL	1PL	ANIMATE	NON-REFL	ACTIVE
83	TOR_C_0046_tagged.txt	1	PL	1PL	ANIMATE	NON-REFL	ACTIVE
84	TOR_C_0048_tagged.txt	1	PL	1PL	ANIMATE	NON-REFL	ACTIVE
85	TOR_C_0049_tagged.txt	1	PL	1PL	ANIMATE	NON-REFL	ACTIVE
86	TOR_C_00018_tagged.txt	1	PL	1PL	ANIMATE	NON-REFL	ACTIVE
87	TOR_C_00033_tagged.txt	1	PL	1PL	ANIMATE	NON-REFL	ACTIVE
88	TOR_C_00033_tagged.txt	1	PL	1PL	ANIMATE	NON-REFL	ACTIVE
89	TOR_C_0004_tagged.txt	1	PL	1PL	ANIMATE	NON-REFL	ACTIVE
90	TOR_C_0004_tagged.txt	1	PL	1PL	ANIMATE	NON-REFL	ACTIVE
91	TOR_C_0004_tagged.txt	1	PL	1PL	ANIMATE	NON-REFL	ACTIVE
92	TOR_C_0004_tagged.txt	1	PL	1PL	ANIMATE	NON-REFL	ACTIVE
93	TOR_C_00030_tagged.txt	1	PL	1PL	ANIMATE	NON-REFL	ACTIVE
94	TOR_C_0101_tagged.txt	1	PL	1PL	ANIMATE	NON-REFL	ACTIVE
95	TOR_C_00011_tagged.txt	1	PL	1PL	ANIMATE	NON-REFL	ACTIVE
96	TOR_C_00011_tagged.txt	1	PL	1PL	ANIMATE	NON-REFL	ACTIVE
97	TOR_C_00033_tagged.txt	1	PL	1PL	ANIMATE	NON-REFL	ACTIVE
98	TOR_C_0037_tagged.txt	1	PL	1PL	ANIMATE	NON-REFL	ACTIVE
99	TOR_C_0037_tagged.txt	1	PL	1PL	ANIMATE	NON-REFL	ACTIVE
100	TOR_C_00024_tagged.txt	1	PL	1PL	ANIMATE	NON-REFL	ACTIVE
101	TOR_C_00033_tagged.txt	1	PL	1PL	ANIMATE	NON-REFL	ACTIVE
102	TOR_C_00024_tagged.txt	1	PL	1PL	ANIMATE	NON-REFL	ACTIVE
103	TOR_C_0049_tagged.txt	1	PL	1PL	ANIMATE	NON-REFL	ACTIVE
104	TOR_C_0049_tagged.txt	1	PL	1PL	ANIMATE	NON-REFL	ACTIVE
105	TOR_C_00012_tagged.txt	1	PL	1PL	ANIMATE	NON-REFL	ACTIVE
106	TOR_C_0057_tagged.txt	1	PL	1PL	ANIMATE	NON-REFL	ACTIVE
107	TOR_C_0001_tagged.txt	1	PL	1PL	ANIMATE	NON-REFL	ACTIVE
108	TOR_C_0046_tagged.txt	1	PL	1PL	ANIMATE	NON-REFL	ACTIVE
109	TOR_C_0003_tagged.txt	1	PL	1PL	ANIMATE	NON-REFL	ACTIVE
110	TOR_C_00033_tagged.txt	1	PL	1PL	ANIMATE	NON-REFL	ACTIVE
111	TOR_C_0037_tagged.txt	1	PL	1PL	ANIMATE	NON-REFL	ACTIVE
112	TOR_C_0046_tagged.txt	1	PL	1PL	ANIMATE	NON-REFL	ACTIVE
113	TOR_C_0046_tagged.txt	1	PL	1PL	ANIMATE	NON-REFL	ACTIVE
114	TOR_C_0059_tagged.txt	1	PL	1PL	ANIMATE	NON-REFL	ACTIVE
115	TOR_C_0071_tagged.txt	1	PL	1PL	ANIMATE	NON-REFL	ACTIVE
116	TOR_C_00022_tagged.txt	1	PL	1PL	ANIMATE	NON-REFL	ACTIVE
117	TOR_C_0062_tagged.txt	1	PL	1PL	ANIMATE	NON-REFL	ACTIVE
118	TOR_C_0048_tagged.txt	1	PL	1PL	ANIMATE	NON-REFL	ACTIVE
119	TOR_C_0068_tagged.txt	1	PL	1PL	ANIMATE	NON-REFL	ACTIVE
120	TOR_C_0041_tagged.txt	1	PL	1PL	ANIMATE	NON-REFL	ACTIVE
121	TOR_C_0083_tagged.txt	1	PL	1PL	ANIMATE	NON-REFL	ACTIVE
122	TOR_C_0073_tagged.txt	1	PL	1PL	ANIMATE	NON-REFL	ACTIVE
123	TOR_C_0009_tagged.txt	1	PL	1PL	ANIMATE	NON-REFL	ACTIVE
124	TOR_C_0042_tagged.txt	1	PL	1PL	ANIMATE	NON-REFL	ACTIVE
125	TOR_C_0048_tagged.txt	1	PL	1PL	ANIMATE	NON-REFL	ACTIVE
126	TOR_C_0099_tagged.txt	1	PL	1PL	ANIMATE	NON-REFL	ACTIVE
127	TOR_C_0003_tagged.txt	1	PL	1PL	ANIMATE	NON-REFL	ACTIVE
128	TOR_C_00016_tagged.txt	1	PL	1PL	ANIMATE	NON-REFL	ACTIVE
129	TOR_C_0067_tagged.txt	1	PL	1PL	ANIMATE	NON-REFL	ACTIVE
130	TOR_C_0001_tagged.txt	1	PL	1PL	ANIMATE	NON-REFL	ACTIVE
131	TOR_C_00029_tagged.txt	1	PL	1PL	ANIMATE	NON-REFL	ACTIVE
132	TOR_C_0049_tagged.txt	1	PL	1PL	ANIMATE	NON-REFL	ACTIVE
133	TOR_C_0060_tagged.txt	1	PL	1PL	ANIMATE	NON-REFL	ACTIVE
134	TOR_C_0061_tagged.txt	1	PL	1PL	ANIMATE	NON-REFL	ACTIVE
135	TOR_C_0093_tagged.txt	1	PL	1PL	ANIMATE	NON-REFL	ACTIVE
136	TOR_C_0094_tagged.txt	1	PL	1PL	ANIMATE	NON-REFL	ACTIVE
137	TOR_C_0094_tagged.txt	1	PL	1PL	ANIMATE	NON-REFL	ACTIVE
138	TOR_C_0101_tagged.txt	1	PL	1PL	ANIMATE	NON-REFL	ACTIVE
139	TOR_C_0101_tagged.txt	1	PL	1PL	ANIMATE	NON-REFL	ACTIVE
140	TOR_C_00030_tagged.txt	1	PL	1PL	ANIMATE	NON-REFL	ACTIVE
141	TOR_C_0037_tagged.txt	1	PL	1PL	ANIMATE	NON-REFL	ACTIVE
142	TOR_C_0090_tagged.txt	1	PL	1PL	ANIMATE	NON-REFL	ACTIVE
143	TOR_C_0053_tagged.txt	1	PL	1PL	ANIMATE	NON-REFL	ACTIVE
144	TOR_C_00019_tagged.txt	1	PL	1PL	ANIMATE	NON-REFL	ACTIVE
145	TOR_C_0009_tagged.txt	1	PL	1PL	ANIMATE	NON-REFL	ACTIVE
146	TOR_C_0047_tagged.txt	1	PL	1PL	ANIMATE	NON-REFL	ACTIVE
147	TOR_C_0101_tagged.txt	1	PL	1PL	ANIMATE	NON-REFL	ACTIVE
148	TOR_C_00011_tagged.txt	1	PL	1PL	ANIMATE	NON-REFL	ACTIVE
149	TOR_C_00013_tagged.txt	1	PL	1PL	ANIMATE	NON-REFL	ACTIVE
150	TOR_C_0042_tagged.txt	1	PL	1PL	ANIMATE	NON-REFL	ACTIVE
151	TOR_C_00018_tagged.txt	1	PL	1PL	ANIMATE	NON-REFL	ACTIVE
152	TOR_C_0001_tagged.txt	1	PL	1PL	ANIMATE	NON-REFL	ACTIVE
153	TOR_C_00013_tagged.txt	1	PL	1PL	ANIMATE	NON-REFL	ACTIVE
154	TOR_C_00034_tagged.txt	1	PL	1PL	ANIMATE	NON-REFL	ACTIVE
155	TOR_C_0050_tagged.txt	1	PL	1PL	ANIMATE	NON-REFL	ACTIVE
156	TOR_C_0062_tagged.txt	1	PL	1PL	ANIMATE	NON-REFL	ACTIVE
157	TOR_C_0064_tagged.txt	1	PL	1PL	ANIMATE	NON-REFL	ACTIVE
158	TOR_C_0072_tagged.txt	1	PL	1PL	ANIMATE	NON-REFL	ACTIVE
159	TOR_C_0079_tagged.txt	1	PL	1PL	ANIMATE	NON-REFL	ACTIVE
160	TOR_C_0002_tagged.txt	1	PL	1PL	ANIMATE	NON-REFL	ACTIVE
161	TOR_C_00013_tagged.txt	1	PL	1PL	ANIMATE	NON-REFL	ACTIVE
162	TOR_C_0048_tagged.txt	1	PL	1PL	ANIMATE	NON-REFL	ACTIVE
163	TOR_C_0068_tagged.txt	1	PL	1PL	ANIMATE	NON-REFL	ACTIVE
164	TOR_C_00019_tagged.txt	1	PL	1PL	ANIMATE	NON-REFL	ACTIVE
165	TOR_C_00028_tagged.txt	1	PL	1PL	ANIMATE	NON-REFL	ACTIVE
166	TOR_C_0046_tagged.txt	1	PL	1PL	ANIMATE	NON-REFL	ACTIVE
167	TOR_C_00019_tagged.txt	1	PL	1PL	ANIMATE	NON-REFL	ACTIVE
168	TOR_C_0046_tagged.txt	1	PL	1PL	ANIMATE	NON-REFL	ACTIVE
169	TOR_C_00019_tagged.txt	1	PL	1PL	ANIMATE	NON-REFL	ACTIVE
170	TOR_C_00019_tagged.txt	1	PL	1PL	ANIMATE	NON-REFL	ACTIVE
171	TOR_C_0006_tagged.txt	1	PL	1PL	ANIMATE	NON-REFL	ACTIVE
172	TOR_C_0001_tagged.txt	1	PL	1PL	ANIMATE	NON-REFL	ACTIVE
173	TOR_C_0001_tagged.txt	1	PL	1PL	ANIMATE	NON-REFL	ACTIVE
174	TOR_C_0003_tagged.txt	1	PL	1PL	ANIMATE	NON-REFL	ACTIVE
175	TOR_C_00030_tagged.txt	1	PL	1PL	ANIMATE	NON-REFL	ACTIVE
176	TOR_C_0049_tagged.txt	1	PL	1PL	ANIMATE	NON-REFL	ACTIVE
177	TOR_C_00033_tagged.txt	1	PL	1PL	ANIMATE	NON-REFL	ACTIVE
178	TOR_C_0071_tagged.txt	1	PL	1PL	ANIMATE	NON-REFL	ACTIVE
179	TOR_C_0003_tagged.txt	1	PL	1PL	ANIMATE	NON-REFL	ACTIVE
180	TOR_C_0070_tagged.txt	1	PL	1PL	ANIMATE	NON-REFL	ACTIVE
181	TOR_C_00024_tagged.txt	1	PL	1PL	ANIMATE	NON-REFL	ACTIVE
182	TOR_C_00019_tagged.txt	1	PL	1PL	ANIMATE	NON-REFL	ACTIVE
183	TOR_C_0005_tagged.txt	1	PL	1PL	ANIMATE	NON-REFL	ACTIVE
184	TOR_C_0049_tagged.txt	1	PL	1PL	ANIMATE	NON-REFL	ACTIVE
185	TOR_C_0057_tagged.txt	1	PL	1PL	ANIMATE	NON-REFL	ACTIVE
186	TOR_C_0079_tagged.txt	1	PL	1PL	ANIMATE	NON-REFL	ACTIVE
187	TOR_C_00033_tagged.txt	1	PL	1PL	ANIMATE	NON-REFL	ACTIVE
188	TOR_C_00019_tagged.txt	1	PL	1PL	ANIMATE	NON-REFL	ACTIVE
189	TOR_C_00030_tagged.txt	1	PL	1PL	ANIMATE	NON-REFL	ACTIVE
190	TOR_C_00030_tagged.txt	1	PL	1PL	ANIMATE	NON-REFL	ACTIVE
191	TOR_C_00030_tagged.txt	1	PL	1PL	ANIMATE	NON-REFL	ACTIVE
192	TOR_C_0052_tagged.txt	1	PL	1PL	ANIMATE	NON-REFL	ACTIVE
193	TOR_C_0049_tagged.txt	1	PL	1PL	ANIMATE	NON-REFL	ACTIVE
194	TOR_C_0050_tagged.txt	1	PL	1PL	ANIMATE	NON-REFL	ACTIVE
195	TOR_C_0051_tagged.txt	1	PL	1PL	ANIMATE	NON-REFL	ACTIVE
196	TOR_C_00013_tagged.txt	1	PL	1PL	ANIMATE	NON-REFL	ACTIVE
197	TOR_C_00019_tagged.txt	1	PL	1PL	ANIMATE	NON-REFL	ACTIVE
198	TOR_C_00031_tagged.txt	1	PL	1PL	ANIMATE	NON-REFL	ACTIVE
199	TOR_C_00011_tagged.txt	1	PL	1PL	ANIMATE	NON-REFL	ACTIVE
200	TOR_C_00019_tagged.txt	1	PL	1PL	ANIMATE	NON-REFL	ACTIVE
201	TOR_C_00034_tagged.txt	1	PL	1PL	ANIMATE	NON-REFL	ACTIVE
202	TOR_C_00030_tagged.txt	1	PL	1PL	ANIMATE	NON-REFL	ACTIVE
203	TOR_C_0063_tagged.txt	1	PL	1PL	ANIMATE	NON-REFL	ACTIVE
204	TOR_C_0001_tagged.txt	1	PL	1PL	ANIMATE	NON-REFL	ACTIVE
205	TOR_C_00024_tagged.txt	1	PL	1PL	ANIMATE	REFL	ACTIVE
206	TOR_C_00024_tagged.txt	1	PL	1PL	ANIMATE	REFL	ACTIVE
207	TOR_C_0008_tagged.txt	1	PL	1PL	ANIMATE	REFL	ACTIVE
208	TOR_C_0079_tagged.txt	1	PL	1PL	ANIMATE	REFL	ACTIVE
209	TOR_C_0007_tagged.txt	1	PL	1PL	ANIMATE	REFL	ACTIVE
210	TOR_C_00030_tagged.txt	1	PL	1PL	ANIMATE	REFL	ACTIVE
211	TOR_C_0054_tagged.txt	1	PL	1PL	ANIMATE	REFL	ACTIVE
212	TOR_C_0070_tagged.txt	1	PL	1PL	ANIMATE	REFL	ACTIVE
213	TOR_C_0048_tagged.txt	1	PL	1PL	ANIMATE	REFL	ACTIVE
214	TOR_C_00010_tagged.txt	1	PL	1PL	ANIMATE	REFL	ACTIVE
215	TOR_C_00010_tagged.txt	1	PL	1PL	ANIMATE	REFL	ACTIVE
216	TOR_C_0001_tagged.txt	1	PL	1PL	ANIMATE	REFL	ACTIVE
217	TOR_C_00013_tagged.txt	1	PL	1PL	ANIMATE	REFL	ACTIVE
218	TOR_C_00010_tagged.txt	1	PL	1PL	ANIMATE	REFL	ACTIVE
219	TOR_C_0041_tagged.txt	1	PL	1PL	ANIMATE	REFL	ACTIVE
220	TOR_C_0079_tagged.txt	1	PL	1PL	ANIMATE	REFL	ACTIVE
221	TOR_C_00010_tagged.txt	1	PL	1PL	ANIMATE	REFL	ACTIVE
222	TOR_C_0093_tagged.txt	1	PL	1PL	ANIMATE	REFL	ACTIVE
223	TOR_C_0082_tagged.txt	1	PL	1PL	ANIMATE	REFL	ACTIVE
224	TOR_C_0056_tagged.txt	1	PL	1PL	ANIMATE	REFL	ACTIVE
225	TOR_C_0046_tagged.txt	1	SG	1SG	ANIMATE	NON-REFL	ACTIVE
226	TOR_C_00032_tagged.txt	1	SG	1SG	ANIMATE	NON-REFL	ACTIVE
227	TOR_C_00024_tagged.txt	1	SG	1SG	ANIMATE	NON-REFL	ACTIVE
228	TOR_C_0003_tagged.txt	1	SG	1SG	ANIMATE	NON-REFL	ACTIVE
229	TOR_C_0007_tagged.txt	1	SG	1SG	ANIMATE	NON-REFL	ACTIVE
230	TOR_C_0037_tagged.txt	1	SG	1SG	ANIMATE	NON-REFL	ACTIVE
231	TOR_C_0041_tagged.txt	1	SG	1SG	ANIMATE	NON-REFL	ACTIVE
232	TOR_C_0070_tagged.txt	1	SG	1SG	ANIMATE	NON-REFL	ACTIVE
233	TOR_C_0073_tagged.txt	1	SG	1SG	ANIMATE	NON-REFL	ACTIVE
234	TOR_C_0082_tagged.txt	1	SG	1SG	ANIMATE	NON-REFL	ACTIVE
235	TOR_C_0089_tagged.txt	1	SG	1SG	ANIMATE	NON-REFL	ACTIVE
236	TOR_C_0067_tagged.txt	1	SG	1SG	ANIMATE	NON-REFL	ACTIVE
237	TOR_C_00011_tagged.txt	1	SG	1SG	ANIMATE	NON-REFL	ACTIVE
238	TOR_C_00013_tagged.txt	1	SG	1SG	ANIMATE	NON-REFL	ACTIVE
239	TOR_C_00029_tagged.txt	1	SG	1SG	ANIMATE	NON-REFL	ACTIVE
240	TOR_C_0046_tagged.txt	1	SG	1SG	ANIMATE	NON-REFL	ACTIVE
241	TOR_C_0049_tagged.txt	1	SG	1SG	ANIMATE	NON-REFL	ACTIVE
242	TOR_C_0049_tagged.txt	1	SG	1SG	ANIMATE	NON-REFL	ACTIVE
243	TOR_C_0055_tagged.txt	1	SG	1SG	ANIMATE	NON-REFL	ACTIVE
244	TOR_C_0060_tagged.txt	1	SG	1SG	ANIMATE	NON-REFL	ACTIVE
245	TOR_C_0070_tagged.txt	1	SG	1SG	ANIMATE	NON-REFL	ACTIVE
246	TOR_C_0089_tagged.txt	1	SG	1SG	ANIMATE	NON-REFL	ACTIVE
247	TOR_C_0046_tagged.txt	1	SG	1SG	ANIMATE	NON-REFL	ACTIVE
248	TOR_C_00032_tagged.txt	1	SG	1SG	ANIMATE	NON-REFL	ACTIVE
249	TOR_C_00024_tagged.txt	1	SG	1SG	ANIMATE	NON-REFL	ACTIVE
250	TOR_C_0037_tagged.txt	1	SG	1SG	ANIMATE	NON-REFL	ACTIVE
251	TOR_C_0089_tagged.txt	1	SG	1SG	ANIMATE	NON-REFL	ACTIVE
252	TOR_C_00033_tagged.txt	1	SG	1SG	ANIMATE	NON-REFL	ACTIVE
253	TOR_C_00024_tagged.txt	1	SG	1SG	ANIMATE	NON-REFL	ACTIVE
254	TOR_C_0040_tagged.txt	1	SG	1SG	ANIMATE	NON-REFL	ACTIVE
255	TOR_C_0050_tagged.txt	1	SG	1SG	ANIMATE	NON-REFL	ACTIVE
256	TOR_C_0001_tagged.txt	1	SG	1SG	ANIMATE	NON-REFL	ACTIVE
257	TOR_C_0040_tagged.txt	1	SG	1SG	ANIMATE	NON-REFL	ACTIVE
258	TOR_C_0086_tagged.txt	1	SG	1SG	ANIMATE	NON-REFL	ACTIVE
259	TOR_C_0040_tagged.txt	1	SG	1SG	ANIMATE	NON-REFL	ACTIVE
260	TOR_C_00016_tagged.txt	1	SG	1SG	ANIMATE	NON-REFL	ACTIVE
261	TOR_C_00019_tagged.txt	1	SG	1SG	ANIMATE	NON-REFL	ACTIVE
262	TOR_C_0090_tagged.txt	1	SG	1SG	ANIMATE	NON-REFL	ACTIVE
263	TOR_C_0041_tagged.txt	1	SG	1SG	ANIMATE	NON-REFL	ACTIVE
264	TOR_C_00033_tagged.txt	1	SG	1SG	ANIMATE	NON-REFL	ACTIVE
265	TOR_C_0041_tagged.txt	1	SG	1SG	ANIMATE	NON-REFL	ACTIVE
266	TOR_C_0050_tagged.txt	1	SG	1SG	ANIMATE	NON-REFL	ACTIVE
267	TOR_C_0037_tagged.txt	1	SG	1SG	ANIMATE	NON-REFL	ACTIVE
268	TOR_C_0045_tagged.txt	1	SG	1SG	ANIMATE	NON-REFL	ACTIVE
269	TOR_C_0079_tagged.txt	1	SG	1SG	ANIMATE	NON-REFL	ACTIVE
270	TOR_C_00019_tagged.txt	1	SG	1SG	ANIMATE	NON-REFL	ACTIVE
271	TOR_C_0046_tagged.txt	1	SG	1SG	ANIMATE	NON-REFL	ACTIVE
272	TOR_C_0071_tagged.txt	1	SG	1SG	ANIMATE	NON-REFL	ACTIVE
273	TOR_C_0086_tagged.txt	1	SG	1SG	ANIMATE	NON-REFL	ACTIVE
274	TOR_C_0048_tagged.txt	1	SG	1SG	ANIMATE	NON-REFL	ACTIVE
275	TOR_C_0050_tagged.txt	1	SG	1SG	ANIMATE	NON-REFL	ACTIVE
276	TOR_C_00010_tagged.txt	1	SG	1SG	ANIMATE	NON-REFL	ACTIVE
277	TOR_C_00033_tagged.txt	1	SG	1SG	ANIMATE	NON-REFL	ACTIVE
278	TOR_C_00034_tagged.txt	1	SG	1SG	ANIMATE	NON-REFL	ACTIVE
279	TOR_C_0038_tagged.txt	1	SG	1SG	ANIMATE	NON-REFL	ACTIVE
280	TOR_C_0042_tagged.txt	1	SG	1SG	ANIMATE	NON-REFL	ACTIVE
281	TOR_C_0042_tagged.txt	1	SG	1SG	ANIMATE	NON-REFL	ACTIVE
282	TOR_C_0047_tagged.txt	1	SG	1SG	ANIMATE	NON-REFL	ACTIVE
283	TOR_C_0047_tagged.txt	1	SG	1SG	ANIMATE	NON-REFL	ACTIVE
284	TOR_C_0067_tagged.txt	1	SG	1SG	ANIMATE	NON-REFL	ACTIVE
285	TOR_C_0067_tagged.txt	1	SG	1SG	ANIMATE	NON-REFL	ACTIVE
286	TOR_C_0089_tagged.txt	1	SG	1SG	ANIMATE	NON-REFL	ACTIVE
287	TOR_C_0089_tagged.txt	1	SG	1SG	ANIMATE	NON-REFL	ACTIVE
288	TOR_C_00023_tagged.txt	1	SG	1SG	ANIMATE	NON-REFL	ACTIVE
289	TOR_C_00020_tagged.txt	1	SG	1SG	ANIMATE	NON-REFL	ACTIVE
290	TOR_C_0076_tagged.txt	1	SG	1SG	ANIMATE	NON-REFL	ACTIVE
291	TOR_C_00033_tagged.txt	1	SG	1SG	ANIMATE	NON-REFL	ACTIVE
292	TOR_C_0042_tagged.txt	1	SG	1SG	ANIMATE	NON-REFL	ACTIVE
293	TOR_C_0042_tagged.txt	1	SG	1SG	ANIMATE	NON-REFL	ACTIVE
294	TOR_C_0064_tagged.txt	1	SG	1SG	ANIMATE	NON-REFL	ACTIVE
295	TOR_C_0086_tagged.txt	1	SG	1SG	ANIMATE	NON-REFL	ACTIVE
296	TOR_C_00019_tagged.txt	1	SG	1SG	ANIMATE	NON-REFL	ACTIVE
297	TOR_C_00019_tagged.txt	1	SG	1SG	ANIMATE	NON-REFL	ACTIVE
298	TOR_C_00030_tagged.txt	1	SG	1SG	ANIMATE	NON-REFL	ACTIVE
299	TOR_C_00033_tagged.txt	1	SG	1SG	ANIMATE	NON-REFL	ACTIVE
300	TOR_C_00033_tagged.txt	1	SG	1SG	ANIMATE	NON-REFL	ACTIVE
301	TOR_C_00033_tagged.txt	1	SG	1SG	ANIMATE	NON-REFL	ACTIVE
302	TOR_C_0040_tagged.txt	1	SG	1SG	ANIMATE	NON-REFL	ACTIVE
303	TOR_C_0040_tagged.txt	1	SG	1SG	ANIMATE	NON-REFL	ACTIVE
304	TOR_C_0041_tagged.txt	1	SG	1SG	ANIMATE	NON-REFL	ACTIVE
305	TOR_C_0047_tagged.txt	1	SG	1SG	ANIMATE	NON-REFL	ACTIVE
306	TOR_C_0047_tagged.txt	1	SG	1SG	ANIMATE	NON-REFL	ACTIVE
307	TOR_C_0049_tagged.txt	1	SG	1SG	ANIMATE	NON-REFL	ACTIVE
308	TOR_C_0049_tagged.txt	1	SG	1SG	ANIMATE	NON-REFL	ACTIVE
309	TOR_C_0051_tagged.txt	1	SG	1SG	ANIMATE	NON-REFL	ACTIVE
310	TOR_C_0052_tagged.txt	1	SG	1SG	ANIMATE	NON-REFL	ACTIVE
311	TOR_C_0060_tagged.txt	1	SG	1SG	ANIMATE	NON-REFL	ACTIVE
312	TOR_C_0062_tagged.txt	1	SG	1SG	ANIMATE	NON-REFL	ACTIVE
313	TOR_C_0064_tagged.txt	1	SG	1SG	ANIMATE	NON-REFL	ACTIVE
314	TOR_C_0082_tagged.txt	1	SG	1SG	ANIMATE	NON-REFL	ACTIVE
315	TOR_C_0001_tagged.txt	1	SG	1SG	ANIMATE	NON-REFL	ACTIVE
316	TOR_C_00013_tagged.txt	1	SG	1SG	ANIMATE	NON-REFL	ACTIVE
317	TOR_C_00016_tagged.txt	1	SG	1SG	ANIMATE	NON-REFL	ACTIVE
318	TOR_C_00019_tagged.txt	1	SG	1SG	ANIMATE	NON-REFL	ACTIVE
319	TOR_C_00029_tagged.txt	1	SG	1SG	ANIMATE	NON-REFL	ACTIVE
320	TOR_C_00032_tagged.txt	1	SG	1SG	ANIMATE	NON-REFL	ACTIVE
321	TOR_C_00024_tagged.txt	1	SG	1SG	ANIMATE	NON-REFL	ACTIVE
322	TOR_C_00011_tagged.txt	1	SG	1SG	ANIMATE	NON-REFL	ACTIVE
323	TOR_C_0063_tagged.txt	1	SG	1SG	ANIMATE	NON-REFL	ACTIVE
324	TOR_C_0089_tagged.txt	1	SG	1SG	ANIMATE	NON-REFL	ACTIVE
325	TOR_C_0001_tagged.txt	1	SG	1SG	ANIMATE	NON-REFL	ACTIVE
326	TOR_C_0004_tagged.txt	1	SG	1SG	ANIMATE	NON-REFL	ACTIVE
327	TOR_C_00034_tagged.txt	1	SG	1SG	ANIMATE	NON-REFL	ACTIVE
328	TOR_C_0089_tagged.txt	1	SG	1SG	ANIMATE	NON-REFL	ACTIVE
329	TOR_C_0091_tagged.txt	1	SG	1SG	ANIMATE	NON-REFL	ACTIVE
330	TOR_C_0002_tagged.txt	1	SG	1SG	ANIMATE	NON-REFL	ACTIVE
331	TOR_C_0002_tagged.txt	1	SG	1SG	ANIMATE	NON-REFL	ACTIVE
332	TOR_C_0040_tagged.txt	1	SG	1SG	ANIMATE	NON-REFL	ACTIVE
333	TOR_C_0051_tagged.txt	1	SG	1SG	ANIMATE	NON-REFL	ACTIVE
334	TOR_C_0001_tagged.txt	1	SG	1SG	ANIMATE	NON-REFL	ACTIVE
335	TOR_C_0080_tagged.txt	1	SG	1SG	ANIMATE	NON-REFL	ACTIVE
336	TOR_C_0082_tagged.txt	1	SG	1SG	ANIMATE	NON-REFL	ACTIVE
337	TOR_C_00023_tagged.txt	1	SG	1SG	ANIMATE	NON-REFL	ACTIVE
338	TOR_C_0049_tagged.txt	1	SG	1SG	ANIMATE	NON-REFL	ACTIVE
339	TOR_C_0101_tagged.txt	1	SG	1SG	ANIMATE	NON-REFL	ACTIVE
340	TOR_C_0002_tagged.txt	1	SG	1SG	ANIMATE	NON-REFL	ACTIVE
341	TOR_C_0008_tagged.txt	1	SG	1SG	ANIMATE	NON-REFL	ACTIVE
342	TOR_C_0049_tagged.txt	1	SG	1SG	ANIMATE	NON-REFL	ACTIVE
343	TOR_C_0040_tagged.txt	1	SG	1SG	ANIMATE	NON-REFL	ACTIVE
344	TOR_C_0045_tagged.txt	1	SG	1SG	ANIMATE	NON-REFL	ACTIVE
345	TOR_C_0073_tagged.txt	1	SG	1SG	ANIMATE	NON-REFL	ACTIVE
346	TOR_C_0089_tagged.txt	1	SG	1SG	ANIMATE	NON-REFL	ACTIVE
347	TOR_C_0009_tagged.txt	1	SG	1SG	ANIMATE	NON-REFL	ACTIVE
348	TOR_C_0066_tagged.txt	1	SG	1SG	ANIMATE	NON-REFL	ACTIVE
349	TOR_C_0041_tagged.txt	1	SG	1SG	ANIMATE	NON-REFL	ACTIVE
350	TOR_C_00019_tagged.txt	1	SG	1SG	ANIMATE	NON-REFL	ACTIVE
351	TOR_C_0089_tagged.txt	1	SG	1SG	ANIMATE	NON-REFL	ACTIVE
352	TOR_C_00034_tagged.txt	1	SG	1SG	ANIMATE	NON-REFL	ACTIVE
353	TOR_C_0047_tagged.txt	1	SG	1SG	ANIMATE	NON-REFL	ACTIVE
354	TOR_C_0042_tagged.txt	1	SG	1SG	ANIMATE	NON-REFL	ACTIVE
355	TOR_C_00024_tagged.txt	1	SG	1SG	ANIMATE	NON-REFL	ACTIVE
356	TOR_C_00023_tagged.txt	1	SG	1SG	ANIMATE	NON-REFL	ACTIVE
357	TOR_C_0037_tagged.txt	1	SG	1SG	ANIMATE	NON-REFL	ACTIVE
358	TOR_C_00016_tagged.txt	1	SG	1SG	ANIMATE	NON-REFL	ACTIVE
359	TOR_C_00010_tagged.txt	1	SG	1SG	ANIMATE	NON-REFL	ACTIVE
360	TOR_C_0050_tagged.txt	1	SG	1SG	ANIMATE	NON-REFL	ACTIVE
361	TOR_C_0079_tagged.txt	1	SG	1SG	ANIMATE	NON-REFL	ACTIVE
362	TOR_C_0052_tagged.txt	1	SG	1SG	ANIMATE	NON-REFL	ACTIVE
363	TOR_C_0042_tagged.txt	1	SG	1SG	ANIMATE	NON-REFL	ACTIVE
364	TOR_C_0047_tagged.txt	1	SG	1SG	ANIMATE	NON-REFL	ACTIVE
365	TOR_C_00030_tagged.txt	1	SG	1SG	ANIMATE	NON-REFL	ACTIVE
366	TOR_C_0038_tagged.txt	1	SG	1SG	ANIMATE	NON-REFL	ACTIVE
367	TOR_C_0049_tagged.txt	1	SG	1SG	ANIMATE	NON-REFL	ACTIVE
368	TOR_C_0001_tagged.txt	1	SG	1SG	ANIMATE	NON-REFL	ACTIVE
369	TOR_C_00033_tagged.txt	1	SG	1SG	ANIMATE	NON-REFL	ACTIVE
370	TOR_C_0041_tagged.txt	1	SG	1SG	ANIMATE	NON-REFL	ACTIVE
371	TOR_C_0040_tagged.txt	1	SG	1SG	ANIMATE	NON-REFL	ACTIVE
372	TOR_C_0046_tagged.txt	1	SG	1SG	ANIMATE	NON-REFL	ACTIVE
373	TOR_C_0079_tagged.txt	1	SG	1SG	ANIMATE	NON-REFL	ACTIVE
374	TOR_C_0073_tagged.txt	1	SG	1SG	ANIMATE	NON-REFL	ACTIVE
375	TOR_C_0048_tagged.txt	1	SG	1SG	ANIMATE	NON-REFL	ACTIVE
376	TOR_C_0040_tagged.txt	1	SG	1SG	ANIMATE	NON-REFL	ACTIVE
377	TOR_C_0069_tagged.txt	1	SG	1SG	ANIMATE	NON-REFL	ACTIVE
378	TOR_C_00032_tagged.txt	1	SG	1SG	ANIMATE	NON-REFL	ACTIVE
379	TOR_C_00023_tagged.txt	1	SG	1SG	ANIMATE	NON-REFL	ACTIVE
380	TOR_C_0007_tagged.txt	1	SG	1SG	ANIMATE	NON-REFL	ACTIVE
381	TOR_C_0046_tagged.txt	1	SG	1SG	ANIMATE	NON-REFL	ACTIVE
382	TOR_C_0060_tagged.txt	1	SG	1SG	ANIMATE	NON-REFL	ACTIVE
383	TOR_C_0071_tagged.txt	1	SG	1SG	ANIMATE	NON-REFL	ACTIVE
384	TOR_C_0071_tagged.txt	1	SG	1SG	ANIMATE	NON-REFL	ACTIVE
385	TOR_C_0092_tagged.txt	1	SG	1SG	ANIMATE	NON-REFL	ACTIVE
386	TOR_C_0092_tagged.txt	1	SG	1SG	ANIMATE	NON-REFL	ACTIVE
387	TOR_C_0093_tagged.txt	1	SG	1SG	ANIMATE	NON-REFL	ACTIVE
388	TOR_C_0093_tagged.txt	1	SG	1SG	ANIMATE	NON-REFL	ACTIVE
389	TOR_C_00016_tagged.txt	1	SG	1SG	ANIMATE	NON-REFL	ACTIVE
390	TOR_C_00033_tagged.txt	1	SG	1SG	ANIMATE	NON-REFL	ACTIVE
391	TOR_C_00020_tagged.txt	1	SG	1SG	ANIMATE	NON-REFL	ACTIVE
392	TOR_C_00030_tagged.txt	1	SG	1SG	ANIMATE	NON-REFL	ACTIVE
393	TOR_C_00011_tagged.txt	1	SG	1SG	ANIMATE	NON-REFL	ACTIVE
394	TOR_C_0051_tagged.txt	1	SG	1SG	ANIMATE	NON-REFL	ACTIVE
395	TOR_C_0051_tagged.txt	1	SG	1SG	ANIMATE	NON-REFL	ACTIVE
396	TOR_C_00013_tagged.txt	1	SG	1SG	ANIMATE	NON-REFL	ACTIVE
397	TOR_C_0086_tagged.txt	1	SG	1SG	ANIMATE	NON-REFL	ACTIVE
398	TOR_C_00013_tagged.txt	1	SG	1SG	ANIMATE	NON-REFL	ACTIVE
399	TOR_C_00034_tagged.txt	1	SG	1SG	ANIMATE	NON-REFL	ACTIVE
400	TOR_C_00016_tagged.txt	1	SG	1SG	ANIMATE	NON-REFL	ACTIVE
401	TOR_C_00034_tagged.txt	1	SG	1SG	ANIMATE	NON-REFL	ACTIVE
402	TOR_C_00034_tagged.txt	1	SG	1SG	ANIMATE	NON-REFL	ACTIVE
403	TOR_C_0070_tagged.txt	1	SG	1SG	ANIMATE	NON-REFL	ACTIVE
404	TOR_C_0047_tagged.txt	1	SG	1SG	ANIMATE	NON-REFL	ACTIVE
405	TOR_C_00013_tagged.txt	1	SG	1SG	ANIMATE	NON-REFL	ACTIVE
406	TOR_C_00016_tagged.txt	1	SG	1SG	ANIMATE	NON-REFL	ACTIVE
407	TOR_C_00016_tagged.txt	1	SG	1SG	ANIMATE	NON-REFL	ACTIVE
408	TOR_C_00034_tagged.txt	1	SG	1SG	ANIMATE	NON-REFL	ACTIVE
409	TOR_C_0008_tagged.txt	1	SG	1SG	ANIMATE	NON-REFL	ACTIVE
410	TOR_C_0037_tagged.txt	1	SG	1SG	ANIMATE	NON-REFL	ACTIVE
411	TOR_C_0037_tagged.txt	1	SG	1SG	ANIMATE	NON-REFL	ACTIVE
412	TOR_C_0040_tagged.txt	1	SG	1SG	ANIMATE	NON-REFL	ACTIVE
413	TOR_C_0045_tagged.txt	1	SG	1SG	ANIMATE	NON-REFL	ACTIVE
414	TOR_C_0049_tagged.txt	1	SG	1SG	ANIMATE	NON-REFL	ACTIVE
415	TOR_C_0049_tagged.txt	1	SG	1SG	ANIMATE	NON-REFL	ACTIVE
416	TOR_C_0049_tagged.txt	1	SG	1SG	ANIMATE	NON-REFL	ACTIVE
417	TOR_C_00024_tagged.txt	1	SG	1SG	ANIMATE	NON-REFL	ACTIVE
418	TOR_C_00024_tagged.txt	1	SG	1SG	ANIMATE	NON-REFL	ACTIVE
419	TOR_C_0046_tagged.txt	1	SG	1SG	ANIMATE	NON-REFL	ACTIVE
420	TOR_C_0037_tagged.txt	1	SG	1SG	ANIMATE	NON-REFL	ACTIVE
421	TOR_C_0037_tagged.txt	1	SG	1SG	ANIMATE	NON-REFL	ACTIVE
422	TOR_C_0001_tagged.txt	1	SG	1SG	ANIMATE	NON-REFL	ACTIVE
423	TOR_C_00016_tagged.txt	1	SG	1SG	ANIMATE	NON-REFL	ACTIVE
424	TOR_C_00034_tagged.txt	1	SG	1SG	ANIMATE	NON-REFL	ACTIVE
425	TOR_C_0004_tagged.txt	1	SG	1SG	ANIMATE	NON-REFL	ACTIVE
426	TOR_C_0052_tagged.txt	1	SG	1SG	ANIMATE	NON-REFL	ACTIVE
427	TOR_C_0082_tagged.txt	1	SG	1SG	ANIMATE	NON-REFL	ACTIVE
428	TOR_C_0041_tagged.txt	1	SG	1SG	ANIMATE	NON-REFL	ACTIVE
429	TOR_C_00019_tagged.txt	1	SG	1SG	ANIMATE	NON-REFL	ACTIVE
430	TOR_C_0050_tagged.txt	1	SG	1SG	ANIMATE	NON-REFL	ACTIVE
431	TOR_C_0037_tagged.txt	1	SG	1SG	ANIMATE	NON-REFL	ACTIVE
432	TOR_C_0002_tagged.txt	1	SG	1SG	ANIMATE	NON-REFL	ACTIVE
433	TOR_C_00012_tagged.txt	1	SG	1SG	ANIMATE	NON-REFL	ACTIVE
434	TOR_C_0049_tagged.txt	1	SG	1SG	ANIMATE	NON-REFL	ACTIVE
435	TOR_C_00020_tagged.txt	1	SG	1SG	ANIMATE	NON-REFL	ACTIVE
436	TOR_C_00013_tagged.txt	1	SG	1SG	ANIMATE	NON-REFL	ACTIVE
437	TOR_C_00013_tagged.txt	1	SG	1SG	ANIMATE	NON-REFL	ACTIVE
438	TOR_C_0067_tagged.txt	1	SG	1SG	ANIMATE	NON-REFL	ACTIVE
439	TOR_C_00013_tagged.txt	1	SG	1SG	ANIMATE	NON-REFL	ACTIVE
440	TOR_C_00013_tagged.txt	1	SG	1SG	ANIMATE	NON-REFL	ACTIVE
441	TOR_C_0049_tagged.txt	1	SG	1SG	ANIMATE	NON-REFL	ACTIVE
442	TOR_C_0050_tagged.txt	1	SG	1SG	ANIMATE	NON-REFL	ACTIVE
443	TOR_C_0069_tagged.txt	1	SG	1SG	ANIMATE	NON-REFL	ACTIVE
444	TOR_C_00019_tagged.txt	1	SG	1SG	ANIMATE	NON-REFL	ACTIVE
445	TOR_C_00019_tagged.txt	1	SG	1SG	ANIMATE	NON-REFL	ACTIVE
446	TOR_C_00030_tagged.txt	1	SG	1SG	ANIMATE	NON-REFL	ACTIVE
447	TOR_C_0089_tagged.txt	1	SG	1SG	ANIMATE	NON-REFL	ACTIVE
448	TOR_C_0041_tagged.txt	1	SG	1SG	ANIMATE	NON-REFL	ACTIVE
449	TOR_C_0076_tagged.txt	1	SG	1SG	ANIMATE	NON-REFL	ACTIVE
450	TOR_C_0076_tagged.txt	1	SG	1SG	ANIMATE	NON-REFL	ACTIVE
451	TOR_C_00030_tagged.txt	1	SG	1SG	ANIMATE	NON-REFL	ACTIVE
452	TOR_C_00010_tagged.txt	1	SG	1SG	ANIMATE	NON-REFL	ACTIVE
453	TOR_C_00019_tagged.txt	1	SG	1SG	ANIMATE	NON-REFL	ACTIVE
454	TOR_C_00024_tagged.txt	1	SG	1SG	ANIMATE	NON-REFL	ACTIVE
455	TOR_C_00033_tagged.txt	1	SG	1SG	ANIMATE	NON-REFL	ACTIVE
456	TOR_C_0038_tagged.txt	1	SG	1SG	ANIMATE	NON-REFL	ACTIVE
457	TOR_C_0046_tagged.txt	1	SG	1SG	ANIMATE	NON-REFL	ACTIVE
458	TOR_C_0050_tagged.txt	1	SG	1SG	ANIMATE	NON-REFL	ACTIVE
459	TOR_C_0064_tagged.txt	1	SG	1SG	ANIMATE	NON-REFL	ACTIVE
460	TOR_C_0076_tagged.txt	1	SG	1SG	ANIMATE	NON-REFL	ACTIVE
461	TOR_C_0101_tagged.txt	1	SG	1SG	ANIMATE	NON-REFL	ACTIVE
462	TOR_C_0101_tagged.txt	1	SG	1SG	ANIMATE	NON-REFL	ACTIVE
463	TOR_C_00015_tagged.txt	1	SG	1SG	ANIMATE	NON-REFL	ACTIVE
464	TOR_C_00033_tagged.txt	1	SG	1SG	ANIMATE	NON-REFL	ACTIVE
465	TOR_C_0050_tagged.txt	1	SG	1SG	ANIMATE	NON-REFL	ACTIVE
466	TOR_C_0045_tagged.txt	1	SG	1SG	ANIMATE	NON-REFL	ACTIVE
467	TOR_C_0046_tagged.txt	1	SG	1SG	ANIMATE	NON-REFL	ACTIVE
468	TOR_C_0050_tagged.txt	1	SG	1SG	ANIMATE	NON-REFL	ACTIVE
469	TOR_C_0038_tagged.txt	1	SG	1SG	ANIMATE	NON-REFL	ACTIVE
470	TOR_C_00020_tagged.txt	1	SG	1SG	ANIMATE	NON-REFL	ACTIVE
471	TOR_C_0007_tagged.txt	1	SG	1SG	ANIMATE	NON-REFL	ACTIVE
472	TOR_C_0050_tagged.txt	1	SG	1SG	ANIMATE	NON-REFL	ACTIVE
473	TOR_C_00034_tagged.txt	1	SG	1SG	ANIMATE	NON-REFL	ACTIVE
474	TOR_C_0050_tagged.txt	1	SG	1SG	ANIMATE	REFL	ACTIVE
475	TOR_C_00030_tagged.txt	1	SG	1SG	ANIMATE	REFL	ACTIVE
476	TOR_C_0101_tagged.txt	1	SG	1SG	ANIMATE	REFL	ACTIVE
477	TOR_C_00030_tagged.txt	1	SG	1SG	ANIMATE	REFL	ACTIVE
478	TOR_C_0049_tagged.txt	1	SG	1SG	ANIMATE	REFL	ACTIVE
479	TOR_C_0048_tagged.txt	1	SG	1SG	ANIMATE	REFL	ACTIVE
480	TOR_C_00032_tagged.txt	1	SG	1SG	ANIMATE	REFL	ACTIVE
481	TOR_C_0089_tagged.txt	1	SG	1SG	ANIMATE	REFL	ACTIVE
482	TOR_C_0041_tagged.txt	1	SG	1SG	ANIMATE	REFL	ACTIVE
483	TOR_C_00033_tagged.txt	1	SG	1SG	ANIMATE	REFL	ACTIVE
484	TOR_C_0038_tagged.txt	2	PL	2PL	ANIMATE	NON-REFL	ACTIVE
485	TOR_C_00033_tagged.txt	2	PL	2PL	ANIMATE	NON-REFL	ACTIVE
486	TOR_C_00034_tagged.txt	2	PL	2PL	ANIMATE	NON-REFL	ACTIVE
487	TOR_C_00029_tagged.txt	2	PL	2PL	ANIMATE	NON-REFL	ACTIVE
488	TOR_C_0042_tagged.txt	2	PL	2PL	ANIMATE	NON-REFL	ACTIVE
489	TOR_C_0082_tagged.txt	2	PL	2PL	ANIMATE	NON-REFL	ACTIVE
490	TOR_C_0002_tagged.txt	2	PL	2PL	ANIMATE	NON-REFL	ACTIVE
491	TOR_C_00033_tagged.txt	2	PL	2PL	ANIMATE	NON-REFL	ACTIVE
492	TOR_C_0041_tagged.txt	2	PL	2PL	ANIMATE	NON-REFL	ACTIVE
493	TOR_C_0008_tagged.txt	2	PL	2PL	ANIMATE	NON-REFL	ACTIVE
494	TOR_C_0056_tagged.txt	2	PL	2PL	ANIMATE	NON-REFL	ACTIVE
495	TOR_C_0056_tagged.txt	2	PL	2PL	ANIMATE	NON-REFL	ACTIVE
496	TOR_C_0045_tagged.txt	2	PL	2PL	ANIMATE	REFL	ACTIVE
497	TOR_C_0064_tagged.txt	2	SG	2SG	ANIMATE	NON-REFL	ACTIVE
498	TOR_C_0001_tagged.txt	2	SG	2SG	ANIMATE	NON-REFL	ACTIVE
499	TOR_C_00016_tagged.txt	2	SG	2SG	ANIMATE	NON-REFL	ACTIVE
500	TOR_C_0001_tagged.txt	2	SG	2SG	ANIMATE	NON-REFL	ACTIVE
501	TOR_C_0001_tagged.txt	2	SG	2SG	ANIMATE	NON-REFL	ACTIVE
502	TOR_C_0055_tagged.txt	2	SG	2SG	ANIMATE	NON-REFL	ACTIVE
503	TOR_C_00023_tagged.txt	2	SG	2SG	ANIMATE	NON-REFL	ACTIVE
504	TOR_C_00023_tagged.txt	2	SG	2SG	ANIMATE	NON-REFL	ACTIVE
505	TOR_C_00011_tagged.txt	2	SG	2SG	ANIMATE	NON-REFL	ACTIVE
506	TOR_C_0046_tagged.txt	2	SG	2SG	ANIMATE	NON-REFL	ACTIVE
507	TOR_C_0046_tagged.txt	2	SG	2SG	ANIMATE	NON-REFL	ACTIVE
508	TOR_C_0037_tagged.txt	2	SG	2SG	ANIMATE	NON-REFL	ACTIVE
509	TOR_C_0055_tagged.txt	2	SG	2SG	ANIMATE	NON-REFL	ACTIVE
510	TOR_C_0077_tagged.txt	2	SG	2SG	ANIMATE	NON-REFL	ACTIVE
511	TOR_C_0086_tagged.txt	2	SG	2SG	ANIMATE	NON-REFL	ACTIVE
512	TOR_C_00020_tagged.txt	2	SG	2SG	ANIMATE	NON-REFL	ACTIVE
513	TOR_C_00028_tagged.txt	2	SG	2SG	ANIMATE	NON-REFL	ACTIVE
514	TOR_C_0050_tagged.txt	2	SG	2SG	ANIMATE	NON-REFL	ACTIVE
515	TOR_C_0050_tagged.txt	2	SG	2SG	ANIMATE	NON-REFL	ACTIVE
516	TOR_C_0009_tagged.txt	2	SG	2SG	ANIMATE	NON-REFL	ACTIVE
517	TOR_C_0009_tagged.txt	2	SG	2SG	ANIMATE	NON-REFL	ACTIVE
518	TOR_C_00034_tagged.txt	2	SG	2SG	ANIMATE	NON-REFL	ACTIVE
519	TOR_C_0037_tagged.txt	2	SG	2SG	ANIMATE	NON-REFL	ACTIVE
520	TOR_C_00034_tagged.txt	2	SG	2SG	ANIMATE	NON-REFL	ACTIVE
521	TOR_C_00024_tagged.txt	2	SG	2SG	ANIMATE	NON-REFL	ACTIVE
522	TOR_C_0037_tagged.txt	2	SG	2SG	ANIMATE	NON-REFL	ACTIVE
523	TOR_C_00034_tagged.txt	2	SG	2SG	ANIMATE	NON-REFL	ACTIVE
524	TOR_C_0009_tagged.txt	2	SG	2SG	ANIMATE	NON-REFL	ACTIVE
525	TOR_C_0040_tagged.txt	2	SG	2SG	ANIMATE	NON-REFL	ACTIVE
526	TOR_C_0052_tagged.txt	2	SG	2SG	ANIMATE	NON-REFL	ACTIVE
527	TOR_C_0089_tagged.txt	2	SG	2SG	ANIMATE	NON-REFL	ACTIVE
528	TOR_C_0089_tagged.txt	2	SG	2SG	ANIMATE	NON-REFL	ACTIVE
529	TOR_C_0046_tagged.txt	2	SG	2SG	ANIMATE	NON-REFL	ACTIVE
530	TOR_C_00034_tagged.txt	2	SG	2SG	ANIMATE	NON-REFL	ACTIVE
531	TOR_C_0080_tagged.txt	2	SG	2SG	ANIMATE	NON-REFL	ACTIVE
532	TOR_C_00034_tagged.txt	2	SG	2SG	ANIMATE	NON-REFL	ACTIVE
533	TOR_C_0090_tagged.txt	2	SG	2SG	ANIMATE	NON-REFL	ACTIVE
534	TOR_C_0046_tagged.txt	2	SG	2SG	ANIMATE	NON-REFL	ACTIVE
535	TOR_C_0049_tagged.txt	2	SG	2SG	ANIMATE	NON-REFL	ACTIVE
536	TOR_C_00034_tagged.txt	2	SG	2SG	ANIMATE	NON-REFL	ACTIVE
537	TOR_C_00023_tagged.txt	2	SG	2SG	ANIMATE	NON-REFL	ACTIVE
538	TOR_C_00024_tagged.txt	2	SG	2SG	ANIMATE	NON-REFL	ACTIVE
539	TOR_C_0089_tagged.txt	2	SG	2SG	ANIMATE	NON-REFL	ACTIVE
540	TOR_C_0002_tagged.txt	2	SG	2SG	ANIMATE	NON-REFL	ACTIVE
541	TOR_C_00034_tagged.txt	2	SG	2SG	ANIMATE	NON-REFL	ACTIVE
542	TOR_C_0049_tagged.txt	2	SG	2SG	ANIMATE	REFL	ACTIVE
543	TOR_C_0046_tagged.txt	2	SG	2SG	ANIMATE	REFL	ACTIVE
544	TOR_C_0046_tagged.txt	2	SG	2SG	ANIMATE	REFL	ACTIVE
545	TOR_C_00034_tagged.txt	2	SG	2SG	ANIMATE	REFL	ACTIVE
546	TOR_C_0041_tagged.txt	3	PL	3PL	INANIMATE	NON-REFL	ACTIVE
547	TOR_C_0046_tagged.txt	3	PL	3PL	INANIMATE	NON-REFL	ACTIVE
548	TOR_C_0099_tagged.txt	3	PL	3PL	INANIMATE	NON-REFL	ACTIVE
549	TOR_C_0049_tagged.txt	3	PL	3PL	INANIMATE	NON-REFL	ACTIVE
550	TOR_C_00011_tagged.txt	3	PL	3PL	INANIMATE	NON-REFL	ACTIVE
551	TOR_C_00010_tagged.txt	3	PL	3PL	INANIMATE	NON-REFL	ACTIVE
552	TOR_C_0068_tagged.txt	3	PL	3PL	INANIMATE	REFL	PASSIVE
553	TOR_C_0004_tagged.txt	3	PL	3PL	INANIMATE	REFL	PASSIVE
554	TOR_C_0067_tagged.txt	3	PL	3PL	ANIMATE	NON-REFL	ACTIVE
555	TOR_C_00034_tagged.txt	3	PL	3PL	ANIMATE	NON-REFL	ACTIVE
556	TOR_C_0047_tagged.txt	3	PL	3PL	ANIMATE	NON-REFL	ACTIVE
557	TOR_C_0093_tagged.txt	3	PL	3PL	ANIMATE	NON-REFL	ACTIVE
558	TOR_C_00024_tagged.txt	3	PL	3PL	ANIMATE	NON-REFL	ACTIVE
559	TOR_C_0041_tagged.txt	3	PL	3PL	ANIMATE	NON-REFL	ACTIVE
560	TOR_C_0001_tagged.txt	3	PL	3PL	ANIMATE	NON-REFL	ACTIVE
561	TOR_C_00024_tagged.txt	3	PL	3PL	ANIMATE	NON-REFL	ACTIVE
562	TOR_C_00033_tagged.txt	3	PL	3PL	ANIMATE	NON-REFL	ACTIVE
563	TOR_C_0007_tagged.txt	3	PL	3PL	ANIMATE	NON-REFL	ACTIVE
564	TOR_C_0008_tagged.txt	3	PL	3PL	ANIMATE	NON-REFL	ACTIVE
565	TOR_C_0041_tagged.txt	3	PL	3PL	ANIMATE	NON-REFL	ACTIVE
566	TOR_C_0041_tagged.txt	3	PL	3PL	ANIMATE	NON-REFL	ACTIVE
567	TOR_C_0049_tagged.txt	3	PL	3PL	ANIMATE	NON-REFL	ACTIVE
568	TOR_C_0049_tagged.txt	3	PL	3PL	ANIMATE	NON-REFL	ACTIVE
569	TOR_C_0050_tagged.txt	3	PL	3PL	ANIMATE	NON-REFL	ACTIVE
570	TOR_C_0066_tagged.txt	3	PL	3PL	ANIMATE	NON-REFL	ACTIVE
571	TOR_C_0086_tagged.txt	3	PL	3PL	ANIMATE	NON-REFL	ACTIVE
572	TOR_C_0001_tagged.txt	3	PL	3PL	ANIMATE	NON-REFL	ACTIVE
573	TOR_C_00015_tagged.txt	3	PL	3PL	ANIMATE	NON-REFL	ACTIVE
574	TOR_C_00024_tagged.txt	3	PL	3PL	ANIMATE	NON-REFL	ACTIVE
575	TOR_C_0060_tagged.txt	3	PL	3PL	ANIMATE	NON-REFL	ACTIVE
576	TOR_C_0041_tagged.txt	3	PL	3PL	ANIMATE	NON-REFL	ACTIVE
577	TOR_C_0049_tagged.txt	3	PL	3PL	ANIMATE	NON-REFL	ACTIVE
578	TOR_C_0001_tagged.txt	3	PL	3PL	ANIMATE	NON-REFL	ACTIVE
579	TOR_C_0001_tagged.txt	3	PL	3PL	ANIMATE	NON-REFL	ACTIVE
580	TOR_C_0047_tagged.txt	3	PL	3PL	ANIMATE	NON-REFL	ACTIVE
581	TOR_C_0061_tagged.txt	3	PL	3PL	ANIMATE	NON-REFL	ACTIVE
582	TOR_C_00019_tagged.txt	3	PL	3PL	ANIMATE	NON-REFL	ACTIVE
583	TOR_C_00033_tagged.txt	3	PL	3PL	ANIMATE	NON-REFL	ACTIVE
584	TOR_C_0009_tagged.txt	3	PL	3PL	ANIMATE	NON-REFL	ACTIVE
585	TOR_C_0001_tagged.txt	3	PL	3PL	ANIMATE	NON-REFL	ACTIVE
586	TOR_C_0041_tagged.txt	3	PL	3PL	ANIMATE	NON-REFL	ACTIVE
587	TOR_C_00033_tagged.txt	3	PL	3PL	ANIMATE	NON-REFL	ACTIVE
588	TOR_C_00010_tagged.txt	3	PL	3PL	ANIMATE	NON-REFL	ACTIVE
589	TOR_C_0089_tagged.txt	3	PL	3PL	ANIMATE	NON-REFL	ACTIVE
590	TOR_C_0066_tagged.txt	3	PL	3PL	ANIMATE	NON-REFL	ACTIVE
591	TOR_C_00030_tagged.txt	3	PL	3PL	ANIMATE	NON-REFL	ACTIVE
592	TOR_C_00023_tagged.txt	3	PL	3PL	ANIMATE	NON-REFL	ACTIVE
593	TOR_C_00010_tagged.txt	3	PL	3PL	ANIMATE	NON-REFL	ACTIVE
594	TOR_C_0003_tagged.txt	3	PL	3PL	ANIMATE	NON-REFL	ACTIVE
595	TOR_C_00033_tagged.txt	3	PL	3PL	ANIMATE	NON-REFL	ACTIVE
596	TOR_C_00034_tagged.txt	3	PL	3PL	ANIMATE	NON-REFL	ACTIVE
597	TOR_C_00034_tagged.txt	3	PL	3PL	ANIMATE	NON-REFL	ACTIVE
598	TOR_C_00034_tagged.txt	3	PL	3PL	ANIMATE	NON-REFL	ACTIVE
599	TOR_C_0008_tagged.txt	3	PL	3PL	ANIMATE	NON-REFL	ACTIVE
600	TOR_C_0009_tagged.txt	3	PL	3PL	ANIMATE	NON-REFL	ACTIVE
601	TOR_C_0048_tagged.txt	3	PL	3PL	ANIMATE	NON-REFL	ACTIVE
602	TOR_C_0049_tagged.txt	3	PL	3PL	ANIMATE	NON-REFL	ACTIVE
603	TOR_C_0060_tagged.txt	3	PL	3PL	ANIMATE	NON-REFL	ACTIVE
604	TOR_C_0062_tagged.txt	3	PL	3PL	ANIMATE	NON-REFL	ACTIVE
605	TOR_C_0071_tagged.txt	3	PL	3PL	ANIMATE	NON-REFL	ACTIVE
606	TOR_C_0071_tagged.txt	3	PL	3PL	ANIMATE	NON-REFL	ACTIVE
607	TOR_C_0079_tagged.txt	3	PL	3PL	ANIMATE	NON-REFL	ACTIVE
608	TOR_C_0082_tagged.txt	3	PL	3PL	ANIMATE	NON-REFL	ACTIVE
609	TOR_C_0082_tagged.txt	3	PL	3PL	ANIMATE	NON-REFL	ACTIVE
610	TOR_C_0083_tagged.txt	3	PL	3PL	ANIMATE	NON-REFL	ACTIVE
611	TOR_C_0089_tagged.txt	3	PL	3PL	ANIMATE	NON-REFL	ACTIVE
612	TOR_C_0094_tagged.txt	3	PL	3PL	ANIMATE	NON-REFL	ACTIVE
613	TOR_C_00010_tagged.txt	3	PL	3PL	ANIMATE	NON-REFL	ACTIVE
614	TOR_C_00020_tagged.txt	3	PL	3PL	ANIMATE	NON-REFL	ACTIVE
615	TOR_C_0061_tagged.txt	3	PL	3PL	ANIMATE	NON-REFL	ACTIVE
616	TOR_C_0082_tagged.txt	3	PL	3PL	ANIMATE	NON-REFL	ACTIVE
617	TOR_C_0003_tagged.txt	3	PL	3PL	ANIMATE	NON-REFL	ACTIVE
618	TOR_C_0037_tagged.txt	3	PL	3PL	ANIMATE	NON-REFL	ACTIVE
619	TOR_C_0062_tagged.txt	3	PL	3PL	ANIMATE	NON-REFL	ACTIVE
620	TOR_C_0080_tagged.txt	3	PL	3PL	ANIMATE	NON-REFL	ACTIVE
621	TOR_C_0050_tagged.txt	3	PL	3PL	ANIMATE	NON-REFL	ACTIVE
622	TOR_C_0037_tagged.txt	3	PL	3PL	ANIMATE	NON-REFL	ACTIVE
623	TOR_C_00019_tagged.txt	3	PL	3PL	ANIMATE	NON-REFL	ACTIVE
624	TOR_C_00034_tagged.txt	3	PL	3PL	ANIMATE	NON-REFL	ACTIVE
625	TOR_C_0051_tagged.txt	3	PL	3PL	ANIMATE	NON-REFL	ACTIVE
626	TOR_C_00025_tagged.txt	3	PL	3PL	ANIMATE	NON-REFL	ACTIVE
627	TOR_C_0082_tagged.txt	3	PL	3PL	ANIMATE	NON-REFL	ACTIVE
628	TOR_C_0041_tagged.txt	3	PL	3PL	ANIMATE	NON-REFL	ACTIVE
629	TOR_C_00018_tagged.txt	3	PL	3PL	ANIMATE	NON-REFL	ACTIVE
630	TOR_C_00029_tagged.txt	3	PL	3PL	ANIMATE	NON-REFL	ACTIVE
631	TOR_C_00033_tagged.txt	3	PL	3PL	ANIMATE	NON-REFL	ACTIVE
632	TOR_C_0007_tagged.txt	3	PL	3PL	ANIMATE	NON-REFL	ACTIVE
633	TOR_C_0066_tagged.txt	3	PL	3PL	ANIMATE	NON-REFL	ACTIVE
634	TOR_C_0037_tagged.txt	3	PL	3PL	ANIMATE	NON-REFL	ACTIVE
635	TOR_C_0049_tagged.txt	3	PL	3PL	ANIMATE	NON-REFL	ACTIVE
636	TOR_C_0040_tagged.txt	3	PL	3PL	ANIMATE	NON-REFL	ACTIVE
637	TOR_C_0050_tagged.txt	3	PL	3PL	ANIMATE	NON-REFL	ACTIVE
638	TOR_C_0091_tagged.txt	3	PL	3PL	ANIMATE	NON-REFL	ACTIVE
639	TOR_C_0048_tagged.txt	3	PL	3PL	ANIMATE	NON-REFL	ACTIVE
640	TOR_C_0001_tagged.txt	3	PL	3PL	ANIMATE	NON-REFL	ACTIVE
641	TOR_C_00034_tagged.txt	3	PL	3PL	ANIMATE	NON-REFL	ACTIVE
642	TOR_C_0004_tagged.txt	3	PL	3PL	ANIMATE	NON-REFL	ACTIVE
643	TOR_C_00033_tagged.txt	3	PL	3PL	ANIMATE	NON-REFL	ACTIVE
644	TOR_C_0004_tagged.txt	3	PL	3PL	ANIMATE	NON-REFL	ACTIVE
645	TOR_C_00020_tagged.txt	3	PL	3PL	ANIMATE	NON-REFL	ACTIVE
646	TOR_C_0037_tagged.txt	3	PL	3PL	ANIMATE	NON-REFL	ACTIVE
647	TOR_C_0002_tagged.txt	3	PL	3PL	ANIMATE	NON-REFL	ACTIVE
648	TOR_C_00020_tagged.txt	3	PL	3PL	ANIMATE	NON-REFL	ACTIVE
649	TOR_C_00020_tagged.txt	3	PL	3PL	ANIMATE	NON-REFL	ACTIVE
650	TOR_C_0061_tagged.txt	3	PL	3PL	ANIMATE	NON-REFL	ACTIVE
651	TOR_C_0049_tagged.txt	3	PL	3PL	ANIMATE	NON-REFL	ACTIVE
652	TOR_C_0004_tagged.txt	3	PL	3PL	ANIMATE	NON-REFL	ACTIVE
653	TOR_C_00033_tagged.txt	3	PL	3PL	ANIMATE	NON-REFL	ACTIVE
654	TOR_C_00021_tagged.txt	3	PL	3PL	ANIMATE	NON-REFL	ACTIVE
655	TOR_C_0038_tagged.txt	3	PL	3PL	ANIMATE	NON-REFL	ACTIVE
656	TOR_C_0049_tagged.txt	3	PL	3PL	ANIMATE	NON-REFL	ACTIVE
657	TOR_C_0061_tagged.txt	3	PL	3PL	ANIMATE	NON-REFL	ACTIVE
658	TOR_C_0062_tagged.txt	3	PL	3PL	ANIMATE	NON-REFL	ACTIVE
659	TOR_C_0064_tagged.txt	3	PL	3PL	ANIMATE	NON-REFL	ACTIVE
660	TOR_C_0053_tagged.txt	3	PL	3PL	ANIMATE	NON-REFL	ACTIVE
661	TOR_C_0054_tagged.txt	3	PL	3PL	ANIMATE	NON-REFL	ACTIVE
662	TOR_C_0037_tagged.txt	3	PL	3PL	ANIMATE	NON-REFL	ACTIVE
663	TOR_C_0037_tagged.txt	3	PL	3PL	ANIMATE	NON-REFL	ACTIVE
664	TOR_C_0053_tagged.txt	3	PL	3PL	ANIMATE	NON-REFL	ACTIVE
665	TOR_C_0002_tagged.txt	3	PL	3PL	ANIMATE	NON-REFL	ACTIVE
666	TOR_C_00029_tagged.txt	3	PL	3PL	ANIMATE	NON-REFL	ACTIVE
667	TOR_C_0037_tagged.txt	3	PL	3PL	ANIMATE	NON-REFL	ACTIVE
668	TOR_C_0064_tagged.txt	3	PL	3PL	ANIMATE	NON-REFL	ACTIVE
669	TOR_C_0064_tagged.txt	3	PL	3PL	ANIMATE	NON-REFL	ACTIVE
670	TOR_C_0070_tagged.txt	3	PL	3PL	ANIMATE	NON-REFL	ACTIVE
671	TOR_C_0079_tagged.txt	3	PL	3PL	ANIMATE	NON-REFL	ACTIVE
672	TOR_C_00010_tagged.txt	3	PL	3PL	ANIMATE	NON-REFL	ACTIVE
673	TOR_C_00013_tagged.txt	3	PL	3PL	ANIMATE	NON-REFL	ACTIVE
674	TOR_C_0009_tagged.txt	3	PL	3PL	ANIMATE	NON-REFL	ACTIVE
675	TOR_C_0042_tagged.txt	3	PL	3PL	ANIMATE	NON-REFL	ACTIVE
676	TOR_C_0063_tagged.txt	3	PL	3PL	ANIMATE	NON-REFL	ACTIVE
677	TOR_C_0053_tagged.txt	3	PL	3PL	ANIMATE	NON-REFL	ACTIVE
678	TOR_C_0049_tagged.txt	3	PL	3PL	ANIMATE	NON-REFL	ACTIVE
679	TOR_C_00011_tagged.txt	3	PL	3PL	ANIMATE	NON-REFL	ACTIVE
680	TOR_C_0049_tagged.txt	3	PL	3PL	ANIMATE	NON-REFL	ACTIVE
681	TOR_C_00034_tagged.txt	3	PL	3PL	ANIMATE	NON-REFL	ACTIVE
682	TOR_C_00011_tagged.txt	3	PL	3PL	ANIMATE	NON-REFL	ACTIVE
683	TOR_C_00015_tagged.txt	3	PL	3PL	ANIMATE	NON-REFL	ACTIVE
684	TOR_C_0066_tagged.txt	3	PL	3PL	ANIMATE	NON-REFL	ACTIVE
685	TOR_C_0083_tagged.txt	3	PL	3PL	ANIMATE	NON-REFL	ACTIVE
686	TOR_C_0009_tagged.txt	3	PL	3PL	ANIMATE	NON-REFL	ACTIVE
687	TOR_C_00030_tagged.txt	3	PL	3PL	ANIMATE	NON-REFL	ACTIVE
688	TOR_C_0071_tagged.txt	3	PL	3PL	ANIMATE	NON-REFL	ACTIVE
689	TOR_C_0054_tagged.txt	3	PL	3PL	ANIMATE	NON-REFL	ACTIVE
690	TOR_C_0101_tagged.txt	3	PL	3PL	ANIMATE	NON-REFL	ACTIVE
691	TOR_C_0051_tagged.txt	3	PL	3PL	ANIMATE	NON-REFL	ACTIVE
692	TOR_C_0049_tagged.txt	3	PL	3PL	ANIMATE	NON-REFL	ACTIVE
693	TOR_C_0009_tagged.txt	3	PL	3PL	ANIMATE	NON-REFL	ACTIVE
694	TOR_C_0056_tagged.txt	3	PL	3PL	ANIMATE	NON-REFL	ACTIVE
695	TOR_C_0049_tagged.txt	3	PL	3PL	ANIMATE	NON-REFL	ACTIVE
696	TOR_C_00019_tagged.txt	3	PL	3PL	ANIMATE	NON-REFL	ACTIVE
697	TOR_C_00020_tagged.txt	3	PL	3PL	ANIMATE	NON-REFL	ACTIVE
698	TOR_C_0079_tagged.txt	3	PL	3PL	ANIMATE	NON-REFL	ACTIVE
699	TOR_C_0046_tagged.txt	3	PL	3PL	ANIMATE	NON-REFL	ACTIVE
700	TOR_C_00033_tagged.txt	3	PL	3PL	ANIMATE	NON-REFL	ACTIVE
701	TOR_C_0040_tagged.txt	3	PL	3PL	ANIMATE	NON-REFL	ACTIVE
702	TOR_C_0041_tagged.txt	3	PL	3PL	ANIMATE	NON-REFL	ACTIVE
703	TOR_C_0046_tagged.txt	3	PL	3PL	ANIMATE	NON-REFL	ACTIVE
704	TOR_C_0066_tagged.txt	3	PL	3PL	ANIMATE	NON-REFL	ACTIVE
705	TOR_C_0071_tagged.txt	3	PL	3PL	ANIMATE	NON-REFL	ACTIVE
706	TOR_C_00013_tagged.txt	3	PL	3PL	ANIMATE	NON-REFL	ACTIVE
707	TOR_C_0069_tagged.txt	3	PL	3PL	ANIMATE	NON-REFL	ACTIVE
708	TOR_C_00013_tagged.txt	3	PL	3PL	ANIMATE	NON-REFL	ACTIVE
709	TOR_C_0041_tagged.txt	3	PL	3PL	ANIMATE	NON-REFL	ACTIVE
710	TOR_C_0067_tagged.txt	3	PL	3PL	ANIMATE	NON-REFL	ACTIVE
711	TOR_C_00019_tagged.txt	3	PL	3PL	ANIMATE	NON-REFL	ACTIVE
712	TOR_C_0040_tagged.txt	3	PL	3PL	ANIMATE	NON-REFL	ACTIVE
713	TOR_C_0001_tagged.txt	3	PL	3PL	ANIMATE	NON-REFL	ACTIVE
714	TOR_C_00030_tagged.txt	3	PL	3PL	ANIMATE	NON-REFL	ACTIVE
715	TOR_C_0058_tagged.txt	3	PL	3PL	ANIMATE	NON-REFL	ACTIVE
716	TOR_C_0046_tagged.txt	3	PL	3PL	ANIMATE	NON-REFL	ACTIVE
717	TOR_C_00019_tagged.txt	3	PL	3PL	ANIMATE	NON-REFL	ACTIVE
718	TOR_C_0002_tagged.txt	3	PL	3PL	ANIMATE	NON-REFL	ACTIVE
719	TOR_C_0051_tagged.txt	3	PL	3PL	ANIMATE	NON-REFL	ACTIVE
720	TOR_C_0003_tagged.txt	3	PL	3PL	ANIMATE	NON-REFL	ACTIVE
721	TOR_C_0062_tagged.txt	3	PL	3PL	ANIMATE	NON-REFL	ACTIVE
722	TOR_C_00019_tagged.txt	3	PL	3PL	ANIMATE	NON-REFL	ACTIVE
723	TOR_C_00013_tagged.txt	3	PL	3PL	ANIMATE	NON-REFL	ACTIVE
724	TOR_C_0075_tagged.txt	3	PL	3PL	ANIMATE	NON-REFL	ACTIVE
725	TOR_C_0040_tagged.txt	3	PL	3PL	ANIMATE	NON-REFL	ACTIVE
726	TOR_C_0050_tagged.txt	3	PL	3PL	ANIMATE	NON-REFL	ACTIVE
727	TOR_C_0069_tagged.txt	3	PL	3PL	ANIMATE	NON-REFL	ACTIVE
728	TOR_C_0041_tagged.txt	3	PL	3PL	ANIMATE	NON-REFL	ACTIVE
729	TOR_C_0096_tagged.txt	3	PL	3PL	ANIMATE	NON-REFL	ACTIVE
730	TOR_C_00030_tagged.txt	3	PL	3PL	ANIMATE	NON-REFL	ACTIVE
731	TOR_C_00030_tagged.txt	3	PL	3PL	ANIMATE	NON-REFL	ACTIVE
732	TOR_C_00030_tagged.txt	3	PL	3PL	ANIMATE	NON-REFL	ACTIVE
733	TOR_C_0089_tagged.txt	3	PL	3PL	ANIMATE	NON-REFL	ACTIVE
734	TOR_C_00033_tagged.txt	3	PL	3PL	ANIMATE	NON-REFL	ACTIVE
735	TOR_C_00016_tagged.txt	3	PL	3PL	ANIMATE	NON-REFL	ACTIVE
736	TOR_C_0037_tagged.txt	3	PL	3PL	ANIMATE	NON-REFL	ACTIVE
737	TOR_C_0041_tagged.txt	3	PL	3PL	ANIMATE	NON-REFL	ACTIVE
738	TOR_C_0069_tagged.txt	3	PL	3PL	ANIMATE	NON-REFL	ACTIVE
739	TOR_C_0089_tagged.txt	3	PL	3PL	ANIMATE	NON-REFL	ACTIVE
740	TOR_C_0063_tagged.txt	3	PL	3PL	ANIMATE	NON-REFL	ACTIVE
741	TOR_C_00033_tagged.txt	3	PL	3PL	ANIMATE	NON-REFL	ACTIVE
742	TOR_C_00033_tagged.txt	3	PL	3PL	ANIMATE	NON-REFL	ACTIVE
743	TOR_C_0066_tagged.txt	3	PL	3PL	ANIMATE	NON-REFL	ACTIVE
744	TOR_C_0046_tagged.txt	3	PL	3PL	ANIMATE	NON-REFL	ACTIVE
745	TOR_C_0050_tagged.txt	3	PL	3PL	ANIMATE	NON-REFL	ACTIVE
746	TOR_C_0082_tagged.txt	3	PL	3PL	ANIMATE	NON-REFL	ACTIVE
747	TOR_C_00023_tagged.txt	3	PL	3PL	ANIMATE	NON-REFL	ACTIVE
748	TOR_C_00033_tagged.txt	3	PL	3PL	ANIMATE	NON-REFL	ACTIVE
749	TOR_C_0069_tagged.txt	3	PL	3PL	ANIMATE	NON-REFL	ACTIVE
750	TOR_C_0091_tagged.txt	3	PL	3PL	ANIMATE	REFL	ACTIVE
751	TOR_C_0062_tagged.txt	3	PL	3PL	ANIMATE	REFL	ACTIVE
752	TOR_C_00033_tagged.txt	3	PL	3PL	ANIMATE	REFL	ACTIVE
753	TOR_C_0050_tagged.txt	3	PL	3PL	ANIMATE	REFL	ACTIVE
754	TOR_C_00033_tagged.txt	3	PL	3PL	ANIMATE	REFL	ACTIVE
755	TOR_C_0041_tagged.txt	3	PL	3PL	ANIMATE	REFL	ACTIVE
756	TOR_C_0079_tagged.txt	3	PL	3PL	ANIMATE	REFL	ACTIVE
757	TOR_C_0068_tagged.txt	3	PL	3PL	ANIMATE	REFL	ACTIVE
758	TOR_C_0001_tagged.txt	3	PL	3PL	ANIMATE	REFL	ACTIVE
759	TOR_C_00030_tagged.txt	3	PL	3PL	ANIMATE	REFL	ACTIVE
760	TOR_C_0001_tagged.txt	3	PL	3PL	ANIMATE	REFL	ACTIVE
761	TOR_C_0001_tagged.txt	3	PL	3PL	ANIMATE	REFL	ACTIVE
762	TOR_C_0079_tagged.txt	3	PL	3PL	ANIMATE	REFL	ACTIVE
763	TOR_C_0101_tagged.txt	3	PL	3PL	ANIMATE	REFL	ACTIVE
764	TOR_C_0004_tagged.txt	3	PL	3PL	ANIMATE	REFL	ACTIVE
765	TOR_C_0041_tagged.txt	3	SG	3SG	INANIMATE	NON-REFL	ACTIVE
766	TOR_C_0046_tagged.txt	3	SG	3SG	INANIMATE	NON-REFL	ACTIVE
767	TOR_C_0080_tagged.txt	3	SG	3SG	INANIMATE	NON-REFL	ACTIVE
768	TOR_C_0046_tagged.txt	3	SG	3SG	INANIMATE	NON-REFL	ACTIVE
769	TOR_C_0049_tagged.txt	3	SG	3SG	INANIMATE	NON-REFL	ACTIVE
770	TOR_C_00022_tagged.txt	3	SG	3SG	INANIMATE	NON-REFL	ACTIVE
771	TOR_C_0049_tagged.txt	3	SG	3SG	INANIMATE	NON-REFL	ACTIVE
772	TOR_C_0055_tagged.txt	3	SG	3SG	INANIMATE	NON-REFL	ACTIVE
773	TOR_C_0079_tagged.txt	3	SG	3SG	INANIMATE	NON-REFL	ACTIVE
774	TOR_C_00024_tagged.txt	3	SG	3SG	INANIMATE	NON-REFL	ACTIVE
775	TOR_C_00024_tagged.txt	3	SG	3SG	INANIMATE	NON-REFL	ACTIVE
776	TOR_C_0003_tagged.txt	3	SG	3SG	INANIMATE	NON-REFL	ACTIVE
777	TOR_C_0046_tagged.txt	3	SG	3SG	INANIMATE	NON-REFL	ACTIVE
778	TOR_C_0048_tagged.txt	3	SG	3SG	INANIMATE	NON-REFL	ACTIVE
779	TOR_C_0049_tagged.txt	3	SG	3SG	INANIMATE	NON-REFL	ACTIVE
780	TOR_C_0050_tagged.txt	3	SG	3SG	INANIMATE	NON-REFL	ACTIVE
781	TOR_C_0050_tagged.txt	3	SG	3SG	INANIMATE	NON-REFL	ACTIVE
782	TOR_C_0050_tagged.txt	3	SG	3SG	INANIMATE	NON-REFL	ACTIVE
783	TOR_C_0050_tagged.txt	3	SG	3SG	INANIMATE	NON-REFL	ACTIVE
784	TOR_C_0055_tagged.txt	3	SG	3SG	INANIMATE	NON-REFL	ACTIVE
785	TOR_C_0079_tagged.txt	3	SG	3SG	INANIMATE	NON-REFL	ACTIVE
786	TOR_C_0049_tagged.txt	3	SG	3SG	INANIMATE	NON-REFL	ACTIVE
787	TOR_C_00033_tagged.txt	3	SG	3SG	INANIMATE	NON-REFL	ACTIVE
788	TOR_C_0041_tagged.txt	3	SG	3SG	INANIMATE	NON-REFL	ACTIVE
789	TOR_C_0041_tagged.txt	3	SG	3SG	INANIMATE	NON-REFL	ACTIVE
790	TOR_C_0041_tagged.txt	3	SG	3SG	INANIMATE	NON-REFL	ACTIVE
791	TOR_C_0046_tagged.txt	3	SG	3SG	INANIMATE	NON-REFL	ACTIVE
792	TOR_C_0046_tagged.txt	3	SG	3SG	INANIMATE	NON-REFL	ACTIVE
793	TOR_C_0046_tagged.txt	3	SG	3SG	INANIMATE	NON-REFL	ACTIVE
794	TOR_C_0046_tagged.txt	3	SG	3SG	INANIMATE	NON-REFL	ACTIVE
795	TOR_C_0048_tagged.txt	3	SG	3SG	INANIMATE	NON-REFL	ACTIVE
796	TOR_C_0049_tagged.txt	3	SG	3SG	INANIMATE	NON-REFL	ACTIVE
797	TOR_C_0050_tagged.txt	3	SG	3SG	INANIMATE	NON-REFL	ACTIVE
798	TOR_C_0054_tagged.txt	3	SG	3SG	INANIMATE	NON-REFL	ACTIVE
799	TOR_C_0059_tagged.txt	3	SG	3SG	INANIMATE	NON-REFL	ACTIVE
800	TOR_C_0061_tagged.txt	3	SG	3SG	INANIMATE	NON-REFL	ACTIVE
801	TOR_C_0063_tagged.txt	3	SG	3SG	INANIMATE	NON-REFL	ACTIVE
802	TOR_C_0066_tagged.txt	3	SG	3SG	INANIMATE	NON-REFL	ACTIVE
803	TOR_C_0066_tagged.txt	3	SG	3SG	INANIMATE	NON-REFL	ACTIVE
804	TOR_C_0089_tagged.txt	3	SG	3SG	INANIMATE	NON-REFL	ACTIVE
805	TOR_C_00019_tagged.txt	3	SG	3SG	INANIMATE	NON-REFL	ACTIVE
806	TOR_C_0050_tagged.txt	3	SG	3SG	INANIMATE	NON-REFL	ACTIVE
807	TOR_C_0101_tagged.txt	3	SG	3SG	INANIMATE	NON-REFL	ACTIVE
808	TOR_C_0052_tagged.txt	3	SG	3SG	INANIMATE	NON-REFL	ACTIVE
809	TOR_C_0041_tagged.txt	3	SG	3SG	INANIMATE	NON-REFL	ACTIVE
810	TOR_C_0086_tagged.txt	3	SG	3SG	INANIMATE	NON-REFL	ACTIVE
811	TOR_C_0040_tagged.txt	3	SG	3SG	INANIMATE	NON-REFL	ACTIVE
812	TOR_C_0055_tagged.txt	3	SG	3SG	INANIMATE	NON-REFL	ACTIVE
813	TOR_C_0079_tagged.txt	3	SG	3SG	INANIMATE	NON-REFL	ACTIVE
814	TOR_C_0071_tagged.txt	3	SG	3SG	INANIMATE	NON-REFL	ACTIVE
815	TOR_C_0079_tagged.txt	3	SG	3SG	INANIMATE	NON-REFL	ACTIVE
816	TOR_C_0090_tagged.txt	3	SG	3SG	INANIMATE	NON-REFL	ACTIVE
817	TOR_C_00034_tagged.txt	3	SG	3SG	INANIMATE	NON-REFL	ACTIVE
818	TOR_C_00029_tagged.txt	3	SG	3SG	INANIMATE	NON-REFL	ACTIVE
819	TOR_C_0049_tagged.txt	3	SG	3SG	INANIMATE	NON-REFL	ACTIVE
820	TOR_C_0050_tagged.txt	3	SG	3SG	INANIMATE	NON-REFL	ACTIVE
821	TOR_C_0050_tagged.txt	3	SG	3SG	INANIMATE	NON-REFL	ACTIVE
822	TOR_C_0055_tagged.txt	3	SG	3SG	INANIMATE	NON-REFL	ACTIVE
823	TOR_C_00018_tagged.txt	3	SG	3SG	INANIMATE	NON-REFL	ACTIVE
824	TOR_C_00024_tagged.txt	3	SG	3SG	INANIMATE	NON-REFL	ACTIVE
825	TOR_C_0055_tagged.txt	3	SG	3SG	INANIMATE	NON-REFL	ACTIVE
826	TOR_C_0090_tagged.txt	3	SG	3SG	INANIMATE	NON-REFL	ACTIVE
827	TOR_C_0037_tagged.txt	3	SG	3SG	INANIMATE	NON-REFL	ACTIVE
828	TOR_C_0071_tagged.txt	3	SG	3SG	INANIMATE	NON-REFL	ACTIVE
829	TOR_C_0093_tagged.txt	3	SG	3SG	INANIMATE	NON-REFL	ACTIVE
830	TOR_C_00033_tagged.txt	3	SG	3SG	INANIMATE	NON-REFL	ACTIVE
831	TOR_C_0037_tagged.txt	3	SG	3SG	INANIMATE	NON-REFL	ACTIVE
832	TOR_C_0049_tagged.txt	3	SG	3SG	INANIMATE	NON-REFL	ACTIVE
833	TOR_C_0050_tagged.txt	3	SG	3SG	INANIMATE	NON-REFL	ACTIVE
834	TOR_C_0053_tagged.txt	3	SG	3SG	INANIMATE	NON-REFL	ACTIVE
835	TOR_C_0051_tagged.txt	3	SG	3SG	INANIMATE	NON-REFL	ACTIVE
836	TOR_C_0071_tagged.txt	3	SG	3SG	INANIMATE	NON-REFL	ACTIVE
837	TOR_C_0037_tagged.txt	3	SG	3SG	INANIMATE	NON-REFL	ACTIVE
838	TOR_C_0041_tagged.txt	3	SG	3SG	INANIMATE	NON-REFL	ACTIVE
839	TOR_C_0089_tagged.txt	3	SG	3SG	INANIMATE	NON-REFL	ACTIVE
840	TOR_C_0046_tagged.txt	3	SG	3SG	INANIMATE	NON-REFL	ACTIVE
841	TOR_C_0050_tagged.txt	3	SG	3SG	INANIMATE	NON-REFL	ACTIVE
842	TOR_C_0053_tagged.txt	3	SG	3SG	INANIMATE	NON-REFL	ACTIVE
843	TOR_C_0071_tagged.txt	3	SG	3SG	INANIMATE	NON-REFL	ACTIVE
844	TOR_C_0051_tagged.txt	3	SG	3SG	INANIMATE	NON-REFL	ACTIVE
845	TOR_C_0049_tagged.txt	3	SG	3SG	INANIMATE	NON-REFL	ACTIVE
846	TOR_C_0060_tagged.txt	3	SG	3SG	INANIMATE	NON-REFL	ACTIVE
847	TOR_C_0076_tagged.txt	3	SG	3SG	INANIMATE	NON-REFL	ACTIVE
848	TOR_C_0046_tagged.txt	3	SG	3SG	INANIMATE	NON-REFL	ACTIVE
849	TOR_C_0050_tagged.txt	3	SG	3SG	INANIMATE	NON-REFL	ACTIVE
850	TOR_C_0050_tagged.txt	3	SG	3SG	INANIMATE	NON-REFL	ACTIVE
851	TOR_C_0053_tagged.txt	3	SG	3SG	INANIMATE	NON-REFL	ACTIVE
852	TOR_C_0053_tagged.txt	3	SG	3SG	INANIMATE	NON-REFL	ACTIVE
853	TOR_C_0053_tagged.txt	3	SG	3SG	INANIMATE	NON-REFL	ACTIVE
854	TOR_C_0071_tagged.txt	3	SG	3SG	INANIMATE	NON-REFL	ACTIVE
855	TOR_C_00024_tagged.txt	3	SG	3SG	INANIMATE	NON-REFL	ACTIVE
856	TOR_C_0001_tagged.txt	3	SG	3SG	INANIMATE	NON-REFL	ACTIVE
857	TOR_C_00018_tagged.txt	3	SG	3SG	INANIMATE	NON-REFL	ACTIVE
858	TOR_C_0009_tagged.txt	3	SG	3SG	INANIMATE	NON-REFL	ACTIVE
859	TOR_C_0001_tagged.txt	3	SG	3SG	INANIMATE	NON-REFL	ACTIVE
860	TOR_C_0001_tagged.txt	3	SG	3SG	INANIMATE	NON-REFL	ACTIVE
861	TOR_C_0001_tagged.txt	3	SG	3SG	INANIMATE	NON-REFL	ACTIVE
862	TOR_C_0001_tagged.txt	3	SG	3SG	INANIMATE	NON-REFL	ACTIVE
863	TOR_C_00013_tagged.txt	3	SG	3SG	INANIMATE	NON-REFL	ACTIVE
864	TOR_C_00013_tagged.txt	3	SG	3SG	INANIMATE	NON-REFL	ACTIVE
865	TOR_C_00020_tagged.txt	3	SG	3SG	INANIMATE	NON-REFL	ACTIVE
866	TOR_C_00028_tagged.txt	3	SG	3SG	INANIMATE	NON-REFL	ACTIVE
867	TOR_C_00033_tagged.txt	3	SG	3SG	INANIMATE	NON-REFL	ACTIVE
868	TOR_C_0004_tagged.txt	3	SG	3SG	INANIMATE	NON-REFL	ACTIVE
869	TOR_C_0007_tagged.txt	3	SG	3SG	INANIMATE	NON-REFL	ACTIVE
870	TOR_C_0008_tagged.txt	3	SG	3SG	INANIMATE	NON-REFL	ACTIVE
871	TOR_C_0009_tagged.txt	3	SG	3SG	INANIMATE	NON-REFL	ACTIVE
872	TOR_C_0009_tagged.txt	3	SG	3SG	INANIMATE	NON-REFL	ACTIVE
873	TOR_C_0009_tagged.txt	3	SG	3SG	INANIMATE	NON-REFL	ACTIVE
874	TOR_C_0009_tagged.txt	3	SG	3SG	INANIMATE	NON-REFL	ACTIVE
875	TOR_C_0009_tagged.txt	3	SG	3SG	INANIMATE	NON-REFL	ACTIVE
876	TOR_C_00013_tagged.txt	3	SG	3SG	INANIMATE	NON-REFL	ACTIVE
877	TOR_C_00013_tagged.txt	3	SG	3SG	INANIMATE	NON-REFL	ACTIVE
878	TOR_C_00018_tagged.txt	3	SG	3SG	INANIMATE	NON-REFL	ACTIVE
879	TOR_C_00018_tagged.txt	3	SG	3SG	INANIMATE	NON-REFL	ACTIVE
880	TOR_C_00019_tagged.txt	3	SG	3SG	INANIMATE	NON-REFL	ACTIVE
881	TOR_C_00019_tagged.txt	3	SG	3SG	INANIMATE	NON-REFL	ACTIVE
882	TOR_C_0001_tagged.txt	3	SG	3SG	INANIMATE	NON-REFL	ACTIVE
883	TOR_C_0003_tagged.txt	3	SG	3SG	INANIMATE	NON-REFL	ACTIVE
884	TOR_C_0005_tagged.txt	3	SG	3SG	INANIMATE	NON-REFL	ACTIVE
885	TOR_C_0050_tagged.txt	3	SG	3SG	INANIMATE	NON-REFL	ACTIVE
886	TOR_C_0050_tagged.txt	3	SG	3SG	INANIMATE	NON-REFL	ACTIVE
887	TOR_C_0051_tagged.txt	3	SG	3SG	INANIMATE	NON-REFL	ACTIVE
888	TOR_C_0060_tagged.txt	3	SG	3SG	INANIMATE	NON-REFL	ACTIVE
889	TOR_C_0068_tagged.txt	3	SG	3SG	INANIMATE	NON-REFL	ACTIVE
890	TOR_C_0079_tagged.txt	3	SG	3SG	INANIMATE	NON-REFL	ACTIVE
891	TOR_C_00013_tagged.txt	3	SG	3SG	INANIMATE	NON-REFL	ACTIVE
892	TOR_C_00020_tagged.txt	3	SG	3SG	INANIMATE	NON-REFL	ACTIVE
893	TOR_C_0049_tagged.txt	3	SG	3SG	INANIMATE	NON-REFL	ACTIVE
894	TOR_C_00018_tagged.txt	3	SG	3SG	INANIMATE	NON-REFL	ACTIVE
895	TOR_C_00013_tagged.txt	3	SG	3SG	INANIMATE	NON-REFL	ACTIVE
896	TOR_C_00021_tagged.txt	3	SG	3SG	INANIMATE	NON-REFL	ACTIVE
897	TOR_C_00011_tagged.txt	3	SG	3SG	INANIMATE	NON-REFL	ACTIVE
898	TOR_C_00033_tagged.txt	3	SG	3SG	INANIMATE	NON-REFL	ACTIVE
899	TOR_C_0003_tagged.txt	3	SG	3SG	INANIMATE	NON-REFL	ACTIVE
900	TOR_C_00034_tagged.txt	3	SG	3SG	INANIMATE	NON-REFL	ACTIVE
901	TOR_C_0009_tagged.txt	3	SG	3SG	INANIMATE	NON-REFL	ACTIVE
902	TOR_C_00024_tagged.txt	3	SG	3SG	INANIMATE	NON-REFL	ACTIVE
903	TOR_C_00024_tagged.txt	3	SG	3SG	INANIMATE	NON-REFL	ACTIVE
904	TOR_C_00030_tagged.txt	3	SG	3SG	INANIMATE	NON-REFL	ACTIVE
905	TOR_C_00033_tagged.txt	3	SG	3SG	INANIMATE	NON-REFL	ACTIVE
906	TOR_C_00033_tagged.txt	3	SG	3SG	INANIMATE	NON-REFL	ACTIVE
907	TOR_C_00013_tagged.txt	3	SG	3SG	INANIMATE	NON-REFL	ACTIVE
908	TOR_C_00018_tagged.txt	3	SG	3SG	INANIMATE	NON-REFL	ACTIVE
909	TOR_C_0007_tagged.txt	3	SG	3SG	INANIMATE	NON-REFL	ACTIVE
910	TOR_C_0003_tagged.txt	3	SG	3SG	INANIMATE	NON-REFL	ACTIVE
911	TOR_C_00034_tagged.txt	3	SG	3SG	INANIMATE	NON-REFL	ACTIVE
912	TOR_C_00024_tagged.txt	3	SG	3SG	INANIMATE	NON-REFL	ACTIVE
913	TOR_C_0001_tagged.txt	3	SG	3SG	INANIMATE	NON-REFL	ACTIVE
914	TOR_C_0089_tagged.txt	3	SG	3SG	INANIMATE	NON-REFL	ACTIVE
915	TOR_C_0089_tagged.txt	3	SG	3SG	INANIMATE	NON-REFL	ACTIVE
916	TOR_C_00034_tagged.txt	3	SG	3SG	INANIMATE	NON-REFL	ACTIVE
917	TOR_C_0090_tagged.txt	3	SG	3SG	INANIMATE	NON-REFL	ACTIVE
918	TOR_C_0054_tagged.txt	3	SG	3SG	INANIMATE	NON-REFL	ACTIVE
919	TOR_C_0041_tagged.txt	3	SG	3SG	INANIMATE	NON-REFL	ACTIVE
920	TOR_C_0050_tagged.txt	3	SG	3SG	INANIMATE	NON-REFL	PASSIVE
921	TOR_C_00024_tagged.txt	3	SG	3SG	INANIMATE	NON-REFL	PASSIVE
922	TOR_C_0037_tagged.txt	3	SG	3SG	INANIMATE	NON-REFL	PASSIVE
923	TOR_C_0057_tagged.txt	3	SG	3SG	INANIMATE	NON-REFL	PASSIVE
924	TOR_C_00020_tagged.txt	3	SG	3SG	INANIMATE	NON-REFL	PASSIVE
925	TOR_C_00011_tagged.txt	3	SG	3SG	INANIMATE	NON-REFL	PASSIVE
926	TOR_C_00030_tagged.txt	3	SG	3SG	INANIMATE	NON-REFL	PASSIVE
927	TOR_C_0050_tagged.txt	3	SG	3SG	INANIMATE	REFL	ACTIVE
928	TOR_C_0090_tagged.txt	3	SG	3SG	INANIMATE	REFL	ACTIVE
929	TOR_C_00034_tagged.txt	3	SG	3SG	INANIMATE	REFL	ACTIVE
930	TOR_C_0062_tagged.txt	3	SG	3SG	INANIMATE	REFL	ACTIVE
931	TOR_C_0062_tagged.txt	3	SG	3SG	INANIMATE	REFL	ACTIVE
932	TOR_C_0083_tagged.txt	3	SG	3SG	INANIMATE	REFL	PASSIVE
933	TOR_C_0062_tagged.txt	3	SG	3SG	INANIMATE	REFL	PASSIVE
934	TOR_C_0079_tagged.txt	3	SG	3SG	INANIMATE	REFL	PASSIVE
935	TOR_C_0049_tagged.txt	3	SG	3SG	INANIMATE	REFL	PASSIVE
936	TOR_C_0089_tagged.txt	3	SG	3SG	INANIMATE	REFL	PASSIVE
937	TOR_C_0064_tagged.txt	3	SG	3SG	INANIMATE	REFL	PASSIVE
938	TOR_C_0082_tagged.txt	3	SG	3SG	INANIMATE	REFL	PASSIVE
939	TOR_C_0008_tagged.txt	3	SG	3SG	INANIMATE	REFL	PASSIVE
940	TOR_C_0071_tagged.txt	3	SG	3SG	INANIMATE	REFL	PASSIVE
941	TOR_C_0050_tagged.txt	3	SG	3SG	INANIMATE	REFL	PASSIVE
942	TOR_C_0041_tagged.txt	3	SG	3SG	INANIMATE	REFL	PASSIVE
943	TOR_C_0009_tagged.txt	3	SG	3SG	INANIMATE	REFL	PASSIVE
944	TOR_C_0040_tagged.txt	3	SG	3SG	INANIMATE	REFL	PASSIVE
945	TOR_C_0079_tagged.txt	3	SG	3SG	INANIMATE	REFL	PASSIVE
946	TOR_C_0047_tagged.txt	3	SG	3SG	INANIMATE	REFL	PASSIVE
947	TOR_C_0063_tagged.txt	3	SG	3SG	INANIMATE	REFL	PASSIVE
948	TOR_C_0004_tagged.txt	3	SG	3SG	INANIMATE	REFL	PASSIVE
949	TOR_C_0049_tagged.txt	3	SG	3SG	INANIMATE	REFL	PASSIVE
950	TOR_C_0049_tagged.txt	3	SG	3SG	INANIMATE	REFL	PASSIVE
951	TOR_C_0068_tagged.txt	3	SG	3SG	INANIMATE	REFL	PASSIVE
952	TOR_C_0004_tagged.txt	3	SG	3SG	INANIMATE	REFL	PASSIVE
953	TOR_C_0068_tagged.txt	3	SG	3SG	INANIMATE	REFL	PASSIVE
954	TOR_C_0089_tagged.txt	3	SG	3SG	INANIMATE	REFL	PASSIVE
955	TOR_C_0004_tagged.txt	3	SG	3SG	INANIMATE	REFL	PASSIVE
956	TOR_C_00034_tagged.txt	3	SG	3SG	INANIMATE	REFL	PASSIVE
957	TOR_C_0090_tagged.txt	3	SG	3SG	INANIMATE	REFL	PASSIVE
958	TOR_C_00023_tagged.txt	3	SG	3SG	INANIMATE	REFL	PASSIVE
959	TOR_C_00018_tagged.txt	3	SG	3SG	INANIMATE	REFL	PASSIVE
960	TOR_C_00023_tagged.txt	3	SG	3SG	INANIMATE	REFL	PASSIVE
961	TOR_C_00011_tagged.txt	3	SG	3SG	INANIMATE	REFL	PASSIVE
962	TOR_C_00013_tagged.txt	3	SG	3SG	INANIMATE	REFL	PASSIVE
963	TOR_C_00018_tagged.txt	3	SG	3SG	INANIMATE	REFL	PASSIVE
964	TOR_C_00011_tagged.txt	3	SG	3SG	INANIMATE	REFL	PASSIVE
965	TOR_C_0001_tagged.txt	3	SG	3SG	INANIMATE	REFL	PASSIVE
966	TOR_C_00018_tagged.txt	3	SG	3SG	INANIMATE	REFL	PASSIVE
967	TOR_C_00029_tagged.txt	3	SG	3SG	INANIMATE	REFL	PASSIVE
968	TOR_C_00033_tagged.txt	3	SG	3SG	INANIMATE	REFL	PASSIVE
969	TOR_C_00028_tagged.txt	3	SG	3SG	ANIMATE	NON-REFL	ACTIVE
970	TOR_C_0009_tagged.txt	3	SG	3SG	ANIMATE	NON-REFL	ACTIVE
971	TOR_C_0009_tagged.txt	3	SG	3SG	ANIMATE	NON-REFL	ACTIVE
972	TOR_C_0050_tagged.txt	3	SG	3SG	ANIMATE	NON-REFL	ACTIVE
973	TOR_C_0049_tagged.txt	3	SG	3SG	ANIMATE	NON-REFL	ACTIVE
974	TOR_C_0042_tagged.txt	3	SG	3SG	ANIMATE	NON-REFL	ACTIVE
975	TOR_C_0051_tagged.txt	3	SG	3SG	ANIMATE	NON-REFL	ACTIVE
976	TOR_C_00024_tagged.txt	3	SG	3SG	ANIMATE	NON-REFL	ACTIVE
977	TOR_C_00024_tagged.txt	3	SG	3SG	ANIMATE	NON-REFL	ACTIVE
978	TOR_C_00028_tagged.txt	3	SG	3SG	ANIMATE	NON-REFL	ACTIVE
979	TOR_C_00029_tagged.txt	3	SG	3SG	ANIMATE	NON-REFL	ACTIVE
980	TOR_C_0008_tagged.txt	3	SG	3SG	ANIMATE	NON-REFL	ACTIVE
981	TOR_C_0040_tagged.txt	3	SG	3SG	ANIMATE	NON-REFL	ACTIVE
982	TOR_C_0040_tagged.txt	3	SG	3SG	ANIMATE	NON-REFL	ACTIVE
983	TOR_C_0041_tagged.txt	3	SG	3SG	ANIMATE	NON-REFL	ACTIVE
984	TOR_C_0045_tagged.txt	3	SG	3SG	ANIMATE	NON-REFL	ACTIVE
985	TOR_C_0046_tagged.txt	3	SG	3SG	ANIMATE	NON-REFL	ACTIVE
986	TOR_C_0048_tagged.txt	3	SG	3SG	ANIMATE	NON-REFL	ACTIVE
987	TOR_C_0051_tagged.txt	3	SG	3SG	ANIMATE	NON-REFL	ACTIVE
988	TOR_C_0054_tagged.txt	3	SG	3SG	ANIMATE	NON-REFL	ACTIVE
989	TOR_C_0055_tagged.txt	3	SG	3SG	ANIMATE	NON-REFL	ACTIVE
990	TOR_C_0055_tagged.txt	3	SG	3SG	ANIMATE	NON-REFL	ACTIVE
991	TOR_C_0058_tagged.txt	3	SG	3SG	ANIMATE	NON-REFL	ACTIVE
992	TOR_C_0064_tagged.txt	3	SG	3SG	ANIMATE	NON-REFL	ACTIVE
993	TOR_C_0070_tagged.txt	3	SG	3SG	ANIMATE	NON-REFL	ACTIVE
994	TOR_C_0046_tagged.txt	3	SG	3SG	ANIMATE	NON-REFL	ACTIVE
995	TOR_C_0040_tagged.txt	3	SG	3SG	ANIMATE	NON-REFL	ACTIVE
996	TOR_C_00011_tagged.txt	3	SG	3SG	ANIMATE	NON-REFL	ACTIVE
997	TOR_C_0004_tagged.txt	3	SG	3SG	ANIMATE	NON-REFL	ACTIVE
998	TOR_C_0053_tagged.txt	3	SG	3SG	ANIMATE	NON-REFL	ACTIVE
999	TOR_C_0080_tagged.txt	3	SG	3SG	ANIMATE	NON-REFL	ACTIVE
1000	TOR_C_00033_tagged.txt	3	SG	3SG	ANIMATE	NON-REFL	ACTIVE
1001	TOR_C_0050_tagged.txt	3	SG	3SG	ANIMATE	NON-REFL	ACTIVE
1002	TOR_C_0092_tagged.txt	3	SG	3SG	ANIMATE	NON-REFL	ACTIVE
1003	TOR_C_0037_tagged.txt	3	SG	3SG	ANIMATE	NON-REFL	ACTIVE
1004	TOR_C_00010_tagged.txt	3	SG	3SG	ANIMATE	NON-REFL	ACTIVE
1005	TOR_C_00027_tagged.txt	3	SG	3SG	ANIMATE	NON-REFL	ACTIVE
1006	TOR_C_0038_tagged.txt	3	SG	3SG	ANIMATE	NON-REFL	ACTIVE
1007	TOR_C_0045_tagged.txt	3	SG	3SG	ANIMATE	NON-REFL	ACTIVE
1008	TOR_C_0050_tagged.txt	3	SG	3SG	ANIMATE	NON-REFL	ACTIVE
1009	TOR_C_0050_tagged.txt	3	SG	3SG	ANIMATE	NON-REFL	ACTIVE
1010	TOR_C_0050_tagged.txt	3	SG	3SG	ANIMATE	NON-REFL	ACTIVE
1011	TOR_C_0050_tagged.txt	3	SG	3SG	ANIMATE	NON-REFL	ACTIVE
1012	TOR_C_00010_tagged.txt	3	SG	3SG	ANIMATE	NON-REFL	ACTIVE
1013	TOR_C_0003_tagged.txt	3	SG	3SG	ANIMATE	NON-REFL	ACTIVE
1014	TOR_C_0003_tagged.txt	3	SG	3SG	ANIMATE	NON-REFL	ACTIVE
1015	TOR_C_0037_tagged.txt	3	SG	3SG	ANIMATE	NON-REFL	ACTIVE
1016	TOR_C_0049_tagged.txt	3	SG	3SG	ANIMATE	NON-REFL	ACTIVE
1017	TOR_C_0050_tagged.txt	3	SG	3SG	ANIMATE	NON-REFL	ACTIVE
1018	TOR_C_0089_tagged.txt	3	SG	3SG	ANIMATE	NON-REFL	ACTIVE
1019	TOR_C_0089_tagged.txt	3	SG	3SG	ANIMATE	NON-REFL	ACTIVE
1020	TOR_C_00019_tagged.txt	3	SG	3SG	ANIMATE	NON-REFL	ACTIVE
1021	TOR_C_00034_tagged.txt	3	SG	3SG	ANIMATE	NON-REFL	ACTIVE
1022	TOR_C_00034_tagged.txt	3	SG	3SG	ANIMATE	NON-REFL	ACTIVE
1023	TOR_C_0002_tagged.txt	3	SG	3SG	ANIMATE	NON-REFL	ACTIVE
1024	TOR_C_0083_tagged.txt	3	SG	3SG	ANIMATE	NON-REFL	ACTIVE
1025	TOR_C_0002_tagged.txt	3	SG	3SG	ANIMATE	NON-REFL	ACTIVE
1026	TOR_C_0037_tagged.txt	3	SG	3SG	ANIMATE	NON-REFL	ACTIVE
1027	TOR_C_0042_tagged.txt	3	SG	3SG	ANIMATE	NON-REFL	ACTIVE
1028	TOR_C_00015_tagged.txt	3	SG	3SG	ANIMATE	NON-REFL	ACTIVE
1029	TOR_C_0046_tagged.txt	3	SG	3SG	ANIMATE	NON-REFL	ACTIVE
1030	TOR_C_0082_tagged.txt	3	SG	3SG	ANIMATE	NON-REFL	ACTIVE
1031	TOR_C_00019_tagged.txt	3	SG	3SG	ANIMATE	NON-REFL	ACTIVE
1032	TOR_C_0052_tagged.txt	3	SG	3SG	ANIMATE	NON-REFL	ACTIVE
1033	TOR_C_0055_tagged.txt	3	SG	3SG	ANIMATE	NON-REFL	ACTIVE
1034	TOR_C_00033_tagged.txt	3	SG	3SG	ANIMATE	NON-REFL	ACTIVE
1035	TOR_C_0061_tagged.txt	3	SG	3SG	ANIMATE	NON-REFL	ACTIVE
1036	TOR_C_0003_tagged.txt	3	SG	3SG	ANIMATE	NON-REFL	ACTIVE
1037	TOR_C_0049_tagged.txt	3	SG	3SG	ANIMATE	NON-REFL	ACTIVE
1038	TOR_C_0049_tagged.txt	3	SG	3SG	ANIMATE	NON-REFL	ACTIVE
1039	TOR_C_0079_tagged.txt	3	SG	3SG	ANIMATE	NON-REFL	ACTIVE
1040	TOR_C_0079_tagged.txt	3	SG	3SG	ANIMATE	NON-REFL	ACTIVE
1041	TOR_C_00029_tagged.txt	3	SG	3SG	ANIMATE	NON-REFL	ACTIVE
1042	TOR_C_0001_tagged.txt	3	SG	3SG	ANIMATE	NON-REFL	ACTIVE
1043	TOR_C_0001_tagged.txt	3	SG	3SG	ANIMATE	NON-REFL	ACTIVE
1044	TOR_C_00010_tagged.txt	3	SG	3SG	ANIMATE	NON-REFL	ACTIVE
1045	TOR_C_00010_tagged.txt	3	SG	3SG	ANIMATE	NON-REFL	ACTIVE
1046	TOR_C_00010_tagged.txt	3	SG	3SG	ANIMATE	NON-REFL	ACTIVE
1047	TOR_C_00020_tagged.txt	3	SG	3SG	ANIMATE	NON-REFL	ACTIVE
1048	TOR_C_00024_tagged.txt	3	SG	3SG	ANIMATE	NON-REFL	ACTIVE
1049	TOR_C_00025_tagged.txt	3	SG	3SG	ANIMATE	NON-REFL	ACTIVE
1050	TOR_C_00034_tagged.txt	3	SG	3SG	ANIMATE	NON-REFL	ACTIVE
1051	TOR_C_0007_tagged.txt	3	SG	3SG	ANIMATE	NON-REFL	ACTIVE
1052	TOR_C_0038_tagged.txt	3	SG	3SG	ANIMATE	NON-REFL	ACTIVE
1053	TOR_C_0040_tagged.txt	3	SG	3SG	ANIMATE	NON-REFL	ACTIVE
1054	TOR_C_0040_tagged.txt	3	SG	3SG	ANIMATE	NON-REFL	ACTIVE
1055	TOR_C_0045_tagged.txt	3	SG	3SG	ANIMATE	NON-REFL	ACTIVE
1056	TOR_C_0046_tagged.txt	3	SG	3SG	ANIMATE	NON-REFL	ACTIVE
1057	TOR_C_0050_tagged.txt	3	SG	3SG	ANIMATE	NON-REFL	ACTIVE
1058	TOR_C_0053_tagged.txt	3	SG	3SG	ANIMATE	NON-REFL	ACTIVE
1059	TOR_C_0071_tagged.txt	3	SG	3SG	ANIMATE	NON-REFL	ACTIVE
1060	TOR_C_0077_tagged.txt	3	SG	3SG	ANIMATE	NON-REFL	ACTIVE
1061	TOR_C_0090_tagged.txt	3	SG	3SG	ANIMATE	NON-REFL	ACTIVE
1062	TOR_C_0100_tagged.txt	3	SG	3SG	ANIMATE	NON-REFL	ACTIVE
1063	TOR_C_0101_tagged.txt	3	SG	3SG	ANIMATE	NON-REFL	ACTIVE
1064	TOR_C_0041_tagged.txt	3	SG	3SG	ANIMATE	NON-REFL	ACTIVE
1065	TOR_C_0046_tagged.txt	3	SG	3SG	ANIMATE	NON-REFL	ACTIVE
1066	TOR_C_00011_tagged.txt	3	SG	3SG	ANIMATE	NON-REFL	ACTIVE
1067	TOR_C_00016_tagged.txt	3	SG	3SG	ANIMATE	NON-REFL	ACTIVE
1068	TOR_C_00016_tagged.txt	3	SG	3SG	ANIMATE	NON-REFL	ACTIVE
1069	TOR_C_00019_tagged.txt	3	SG	3SG	ANIMATE	NON-REFL	ACTIVE
1070	TOR_C_0007_tagged.txt	3	SG	3SG	ANIMATE	NON-REFL	ACTIVE
1071	TOR_C_0040_tagged.txt	3	SG	3SG	ANIMATE	NON-REFL	ACTIVE
1072	TOR_C_0041_tagged.txt	3	SG	3SG	ANIMATE	NON-REFL	ACTIVE
1073	TOR_C_0047_tagged.txt	3	SG	3SG	ANIMATE	NON-REFL	ACTIVE
1074	TOR_C_0047_tagged.txt	3	SG	3SG	ANIMATE	NON-REFL	ACTIVE
1075	TOR_C_00013_tagged.txt	3	SG	3SG	ANIMATE	NON-REFL	ACTIVE
1076	TOR_C_0046_tagged.txt	3	SG	3SG	ANIMATE	NON-REFL	ACTIVE
1077	TOR_C_0048_tagged.txt	3	SG	3SG	ANIMATE	NON-REFL	ACTIVE
1078	TOR_C_00019_tagged.txt	3	SG	3SG	ANIMATE	NON-REFL	ACTIVE
1079	TOR_C_0041_tagged.txt	3	SG	3SG	ANIMATE	NON-REFL	ACTIVE
1080	TOR_C_00011_tagged.txt	3	SG	3SG	ANIMATE	NON-REFL	ACTIVE
1081	TOR_C_0008_tagged.txt	3	SG	3SG	ANIMATE	NON-REFL	ACTIVE
1082	TOR_C_00034_tagged.txt	3	SG	3SG	ANIMATE	NON-REFL	ACTIVE
1083	TOR_C_0045_tagged.txt	3	SG	3SG	ANIMATE	NON-REFL	ACTIVE
1084	TOR_C_00010_tagged.txt	3	SG	3SG	ANIMATE	NON-REFL	ACTIVE
1085	TOR_C_0076_tagged.txt	3	SG	3SG	ANIMATE	NON-REFL	ACTIVE
1086	TOR_C_00010_tagged.txt	3	SG	3SG	ANIMATE	NON-REFL	ACTIVE
1087	TOR_C_0009_tagged.txt	3	SG	3SG	ANIMATE	NON-REFL	ACTIVE
1088	TOR_C_0080_tagged.txt	3	SG	3SG	ANIMATE	NON-REFL	ACTIVE
1089	TOR_C_0067_tagged.txt	3	SG	3SG	ANIMATE	NON-REFL	ACTIVE
1090	TOR_C_0046_tagged.txt	3	SG	3SG	ANIMATE	NON-REFL	ACTIVE
1091	TOR_C_0048_tagged.txt	3	SG	3SG	ANIMATE	NON-REFL	ACTIVE
1092	TOR_C_0079_tagged.txt	3	SG	3SG	ANIMATE	NON-REFL	ACTIVE
1093	TOR_C_0079_tagged.txt	3	SG	3SG	ANIMATE	NON-REFL	ACTIVE
1094	TOR_C_0037_tagged.txt	3	SG	3SG	ANIMATE	NON-REFL	ACTIVE
1095	TOR_C_0008_tagged.txt	3	SG	3SG	ANIMATE	NON-REFL	ACTIVE
1096	TOR_C_0037_tagged.txt	3	SG	3SG	ANIMATE	NON-REFL	ACTIVE
1097	TOR_C_00015_tagged.txt	3	SG	3SG	ANIMATE	NON-REFL	ACTIVE
1098	TOR_C_00024_tagged.txt	3	SG	3SG	ANIMATE	NON-REFL	ACTIVE
1099	TOR_C_00029_tagged.txt	3	SG	3SG	ANIMATE	NON-REFL	ACTIVE
1100	TOR_C_0076_tagged.txt	3	SG	3SG	ANIMATE	NON-REFL	ACTIVE
1101	TOR_C_0005_tagged.txt	3	SG	3SG	ANIMATE	NON-REFL	ACTIVE
1102	TOR_C_0041_tagged.txt	3	SG	3SG	ANIMATE	NON-REFL	ACTIVE
1103	TOR_C_00034_tagged.txt	3	SG	3SG	ANIMATE	NON-REFL	ACTIVE
1104	TOR_C_0066_tagged.txt	3	SG	3SG	ANIMATE	NON-REFL	ACTIVE
1105	TOR_C_00024_tagged.txt	3	SG	3SG	ANIMATE	NON-REFL	ACTIVE
1106	TOR_C_0049_tagged.txt	3	SG	3SG	ANIMATE	NON-REFL	ACTIVE
1107	TOR_C_0001_tagged.txt	3	SG	3SG	ANIMATE	NON-REFL	ACTIVE
1108	TOR_C_00010_tagged.txt	3	SG	3SG	ANIMATE	NON-REFL	ACTIVE
1109	TOR_C_0003_tagged.txt	3	SG	3SG	ANIMATE	NON-REFL	ACTIVE
1110	TOR_C_00033_tagged.txt	3	SG	3SG	ANIMATE	NON-REFL	ACTIVE
1111	TOR_C_00011_tagged.txt	3	SG	3SG	ANIMATE	NON-REFL	ACTIVE
1112	TOR_C_0062_tagged.txt	3	SG	3SG	ANIMATE	NON-REFL	ACTIVE
1113	TOR_C_00034_tagged.txt	3	SG	3SG	ANIMATE	NON-REFL	ACTIVE
1114	TOR_C_0046_tagged.txt	3	SG	3SG	ANIMATE	NON-REFL	ACTIVE
1115	TOR_C_0007_tagged.txt	3	SG	3SG	ANIMATE	NON-REFL	ACTIVE
1116	TOR_C_0009_tagged.txt	3	SG	3SG	ANIMATE	NON-REFL	ACTIVE
1117	TOR_C_0046_tagged.txt	3	SG	3SG	ANIMATE	NON-REFL	ACTIVE
1118	TOR_C_0061_tagged.txt	3	SG	3SG	ANIMATE	NON-REFL	ACTIVE
1119	TOR_C_0040_tagged.txt	3	SG	3SG	ANIMATE	NON-REFL	ACTIVE
1120	TOR_C_00011_tagged.txt	3	SG	3SG	ANIMATE	NON-REFL	ACTIVE
1121	TOR_C_0052_tagged.txt	3	SG	3SG	ANIMATE	NON-REFL	ACTIVE
1122	TOR_C_00010_tagged.txt	3	SG	3SG	ANIMATE	NON-REFL	ACTIVE
1123	TOR_C_00016_tagged.txt	3	SG	3SG	ANIMATE	NON-REFL	ACTIVE
1124	TOR_C_0001_tagged.txt	3	SG	3SG	ANIMATE	NON-REFL	ACTIVE
1125	TOR_C_0055_tagged.txt	3	SG	3SG	ANIMATE	NON-REFL	ACTIVE
1126	TOR_C_00030_tagged.txt	3	SG	3SG	ANIMATE	NON-REFL	ACTIVE
1127	TOR_C_00030_tagged.txt	3	SG	3SG	ANIMATE	NON-REFL	ACTIVE
1128	TOR_C_0001_tagged.txt	3	SG	3SG	ANIMATE	NON-REFL	ACTIVE
1129	TOR_C_0003_tagged.txt	3	SG	3SG	ANIMATE	NON-REFL	ACTIVE
1130	TOR_C_00029_tagged.txt	3	SG	3SG	ANIMATE	NON-REFL	ACTIVE
1131	TOR_C_00029_tagged.txt	3	SG	3SG	ANIMATE	NON-REFL	ACTIVE
1132	TOR_C_0003_tagged.txt	3	SG	3SG	ANIMATE	NON-REFL	ACTIVE
1133	TOR_C_0037_tagged.txt	3	SG	3SG	ANIMATE	NON-REFL	ACTIVE
1134	TOR_C_0037_tagged.txt	3	SG	3SG	ANIMATE	NON-REFL	ACTIVE
1135	TOR_C_0037_tagged.txt	3	SG	3SG	ANIMATE	NON-REFL	ACTIVE
1136	TOR_C_0046_tagged.txt	3	SG	3SG	ANIMATE	NON-REFL	ACTIVE
1137	TOR_C_0047_tagged.txt	3	SG	3SG	ANIMATE	NON-REFL	ACTIVE
1138	TOR_C_0050_tagged.txt	3	SG	3SG	ANIMATE	NON-REFL	ACTIVE
1139	TOR_C_0052_tagged.txt	3	SG	3SG	ANIMATE	NON-REFL	ACTIVE
1140	TOR_C_0055_tagged.txt	3	SG	3SG	ANIMATE	NON-REFL	ACTIVE
1141	TOR_C_0055_tagged.txt	3	SG	3SG	ANIMATE	NON-REFL	ACTIVE
1142	TOR_C_0069_tagged.txt	3	SG	3SG	ANIMATE	NON-REFL	ACTIVE
1143	TOR_C_0073_tagged.txt	3	SG	3SG	ANIMATE	NON-REFL	ACTIVE
1144	TOR_C_0076_tagged.txt	3	SG	3SG	ANIMATE	NON-REFL	ACTIVE
1145	TOR_C_0086_tagged.txt	3	SG	3SG	ANIMATE	NON-REFL	ACTIVE
1146	TOR_C_0089_tagged.txt	3	SG	3SG	ANIMATE	NON-REFL	ACTIVE
1147	TOR_C_00034_tagged.txt	3	SG	3SG	ANIMATE	NON-REFL	ACTIVE
1148	TOR_C_0037_tagged.txt	3	SG	3SG	ANIMATE	NON-REFL	ACTIVE
1149	TOR_C_0053_tagged.txt	3	SG	3SG	ANIMATE	NON-REFL	ACTIVE
1150	TOR_C_0007_tagged.txt	3	SG	3SG	ANIMATE	NON-REFL	ACTIVE
1151	TOR_C_0061_tagged.txt	3	SG	3SG	ANIMATE	NON-REFL	ACTIVE
1152	TOR_C_0061_tagged.txt	3	SG	3SG	ANIMATE	NON-REFL	ACTIVE
1153	TOR_C_0001_tagged.txt	3	SG	3SG	ANIMATE	NON-REFL	ACTIVE
1154	TOR_C_00024_tagged.txt	3	SG	3SG	ANIMATE	NON-REFL	ACTIVE
1155	TOR_C_00033_tagged.txt	3	SG	3SG	ANIMATE	NON-REFL	ACTIVE
1156	TOR_C_0037_tagged.txt	3	SG	3SG	ANIMATE	NON-REFL	ACTIVE
1157	TOR_C_0037_tagged.txt	3	SG	3SG	ANIMATE	NON-REFL	ACTIVE
1158	TOR_C_0086_tagged.txt	3	SG	3SG	ANIMATE	NON-REFL	ACTIVE
1159	TOR_C_0089_tagged.txt	3	SG	3SG	ANIMATE	NON-REFL	ACTIVE
1160	TOR_C_00020_tagged.txt	3	SG	3SG	ANIMATE	NON-REFL	ACTIVE
1161	TOR_C_0061_tagged.txt	3	SG	3SG	ANIMATE	NON-REFL	ACTIVE
1162	TOR_C_00010_tagged.txt	3	SG	3SG	ANIMATE	NON-REFL	ACTIVE
1163	TOR_C_00019_tagged.txt	3	SG	3SG	ANIMATE	NON-REFL	ACTIVE
1164	TOR_C_00024_tagged.txt	3	SG	3SG	ANIMATE	NON-REFL	ACTIVE
1165	TOR_C_00024_tagged.txt	3	SG	3SG	ANIMATE	NON-REFL	ACTIVE
1166	TOR_C_00034_tagged.txt	3	SG	3SG	ANIMATE	NON-REFL	ACTIVE
1167	TOR_C_0075_tagged.txt	3	SG	3SG	ANIMATE	NON-REFL	ACTIVE
1168	TOR_C_0004_tagged.txt	3	SG	3SG	ANIMATE	NON-REFL	ACTIVE
1169	TOR_C_0003_tagged.txt	3	SG	3SG	ANIMATE	NON-REFL	ACTIVE
1170	TOR_C_00020_tagged.txt	3	SG	3SG	ANIMATE	NON-REFL	ACTIVE
1171	TOR_C_00010_tagged.txt	3	SG	3SG	ANIMATE	NON-REFL	ACTIVE
1172	TOR_C_0082_tagged.txt	3	SG	3SG	ANIMATE	NON-REFL	ACTIVE
1173	TOR_C_0089_tagged.txt	3	SG	3SG	ANIMATE	NON-REFL	ACTIVE
1174	TOR_C_0071_tagged.txt	3	SG	3SG	ANIMATE	NON-REFL	ACTIVE
1175	TOR_C_0054_tagged.txt	3	SG	3SG	ANIMATE	NON-REFL	ACTIVE
1176	TOR_C_0055_tagged.txt	3	SG	3SG	ANIMATE	NON-REFL	ACTIVE
1177	TOR_C_0038_tagged.txt	3	SG	3SG	ANIMATE	NON-REFL	ACTIVE
1178	TOR_C_0041_tagged.txt	3	SG	3SG	ANIMATE	NON-REFL	ACTIVE
1179	TOR_C_0049_tagged.txt	3	SG	3SG	ANIMATE	NON-REFL	ACTIVE
1180	TOR_C_00020_tagged.txt	3	SG	3SG	ANIMATE	NON-REFL	ACTIVE
1181	TOR_C_0046_tagged.txt	3	SG	3SG	ANIMATE	NON-REFL	ACTIVE
1182	TOR_C_0080_tagged.txt	3	SG	3SG	ANIMATE	NON-REFL	ACTIVE
1183	TOR_C_0089_tagged.txt	3	SG	3SG	ANIMATE	NON-REFL	ACTIVE
1184	TOR_C_0067_tagged.txt	3	SG	3SG	ANIMATE	NON-REFL	ACTIVE
1185	TOR_C_0009_tagged.txt	3	SG	3SG	ANIMATE	NON-REFL	ACTIVE
1186	TOR_C_00033_tagged.txt	3	SG	3SG	ANIMATE	NON-REFL	ACTIVE
1187	TOR_C_0037_tagged.txt	3	SG	3SG	ANIMATE	NON-REFL	ACTIVE
1188	TOR_C_0089_tagged.txt	3	SG	3SG	ANIMATE	NON-REFL	ACTIVE
1189	TOR_C_0061_tagged.txt	3	SG	3SG	ANIMATE	NON-REFL	ACTIVE
1190	TOR_C_0046_tagged.txt	3	SG	3SG	ANIMATE	NON-REFL	ACTIVE
1191	TOR_C_0037_tagged.txt	3	SG	3SG	ANIMATE	NON-REFL	ACTIVE
1192	TOR_C_00034_tagged.txt	3	SG	3SG	ANIMATE	NON-REFL	ACTIVE
1193	TOR_C_0079_tagged.txt	3	SG	3SG	ANIMATE	NON-REFL	ACTIVE
1194	TOR_C_0079_tagged.txt	3	SG	3SG	ANIMATE	NON-REFL	ACTIVE
1195	TOR_C_0079_tagged.txt	3	SG	3SG	ANIMATE	NON-REFL	ACTIVE
1196	TOR_C_0079_tagged.txt	3	SG	3SG	ANIMATE	NON-REFL	ACTIVE
1197	TOR_C_0079_tagged.txt	3	SG	3SG	ANIMATE	NON-REFL	ACTIVE
1198	TOR_C_0041_tagged.txt	3	SG	3SG	ANIMATE	NON-REFL	ACTIVE
1199	TOR_C_00021_tagged.txt	3	SG	3SG	ANIMATE	NON-REFL	ACTIVE
1200	TOR_C_00030_tagged.txt	3	SG	3SG	ANIMATE	NON-REFL	ACTIVE
1201	TOR_C_0049_tagged.txt	3	SG	3SG	ANIMATE	NON-REFL	ACTIVE
1202	TOR_C_0046_tagged.txt	3	SG	3SG	ANIMATE	NON-REFL	ACTIVE
1203	TOR_C_0055_tagged.txt	3	SG	3SG	ANIMATE	NON-REFL	ACTIVE
1204	TOR_C_0071_tagged.txt	3	SG	3SG	ANIMATE	NON-REFL	ACTIVE
1205	TOR_C_00019_tagged.txt	3	SG	3SG	ANIMATE	NON-REFL	ACTIVE
1206	TOR_C_0091_tagged.txt	3	SG	3SG	ANIMATE	NON-REFL	ACTIVE
1207	TOR_C_0094_tagged.txt	3	SG	3SG	ANIMATE	NON-REFL	ACTIVE
1208	TOR_C_0046_tagged.txt	3	SG	3SG	ANIMATE	NON-REFL	ACTIVE
1209	TOR_C_00034_tagged.txt	3	SG	3SG	ANIMATE	NON-REFL	ACTIVE
1210	TOR_C_0045_tagged.txt	3	SG	3SG	ANIMATE	NON-REFL	ACTIVE
1211	TOR_C_0008_tagged.txt	3	SG	3SG	ANIMATE	NON-REFL	ACTIVE
1212	TOR_C_0050_tagged.txt	3	SG	3SG	ANIMATE	NON-REFL	ACTIVE
1213	TOR_C_0071_tagged.txt	3	SG	3SG	ANIMATE	NON-REFL	ACTIVE
1214	TOR_C_0049_tagged.txt	3	SG	3SG	ANIMATE	NON-REFL	ACTIVE
1215	TOR_C_0003_tagged.txt	3	SG	3SG	ANIMATE	NON-REFL	ACTIVE
1216	TOR_C_0070_tagged.txt	3	SG	3SG	ANIMATE	NON-REFL	ACTIVE
1217	TOR_C_0080_tagged.txt	3	SG	3SG	ANIMATE	NON-REFL	ACTIVE
1218	TOR_C_00011_tagged.txt	3	SG	3SG	ANIMATE	NON-REFL	ACTIVE
1219	TOR_C_00024_tagged.txt	3	SG	3SG	ANIMATE	NON-REFL	ACTIVE
1220	TOR_C_0040_tagged.txt	3	SG	3SG	ANIMATE	NON-REFL	ACTIVE
1221	TOR_C_0069_tagged.txt	3	SG	3SG	ANIMATE	NON-REFL	ACTIVE
1222	TOR_C_00034_tagged.txt	3	SG	3SG	ANIMATE	NON-REFL	ACTIVE
1223	TOR_C_0040_tagged.txt	3	SG	3SG	ANIMATE	NON-REFL	ACTIVE
1224	TOR_C_0076_tagged.txt	3	SG	3SG	ANIMATE	NON-REFL	ACTIVE
1225	TOR_C_00010_tagged.txt	3	SG	3SG	ANIMATE	NON-REFL	ACTIVE
1226	TOR_C_00024_tagged.txt	3	SG	3SG	ANIMATE	NON-REFL	ACTIVE
1227	TOR_C_00033_tagged.txt	3	SG	3SG	ANIMATE	NON-REFL	ACTIVE
1228	TOR_C_0007_tagged.txt	3	SG	3SG	ANIMATE	NON-REFL	ACTIVE
1229	TOR_C_0037_tagged.txt	3	SG	3SG	ANIMATE	NON-REFL	ACTIVE
1230	TOR_C_0037_tagged.txt	3	SG	3SG	ANIMATE	NON-REFL	ACTIVE
1231	TOR_C_0037_tagged.txt	3	SG	3SG	ANIMATE	NON-REFL	ACTIVE
1232	TOR_C_0048_tagged.txt	3	SG	3SG	ANIMATE	NON-REFL	ACTIVE
1233	TOR_C_0054_tagged.txt	3	SG	3SG	ANIMATE	NON-REFL	ACTIVE
1234	TOR_C_0002_tagged.txt	3	SG	3SG	ANIMATE	NON-REFL	ACTIVE
1235	TOR_C_0053_tagged.txt	3	SG	3SG	ANIMATE	NON-REFL	ACTIVE
1236	TOR_C_0066_tagged.txt	3	SG	3SG	ANIMATE	NON-REFL	ACTIVE
1237	TOR_C_0067_tagged.txt	3	SG	3SG	ANIMATE	NON-REFL	ACTIVE
1238	TOR_C_00034_tagged.txt	3	SG	3SG	ANIMATE	NON-REFL	ACTIVE
1239	TOR_C_00029_tagged.txt	3	SG	3SG	ANIMATE	NON-REFL	ACTIVE
1240	TOR_C_00029_tagged.txt	3	SG	3SG	ANIMATE	NON-REFL	ACTIVE
1241	TOR_C_0049_tagged.txt	3	SG	3SG	ANIMATE	NON-REFL	ACTIVE
1242	TOR_C_00025_tagged.txt	3	SG	3SG	ANIMATE	NON-REFL	ACTIVE
1243	TOR_C_0089_tagged.txt	3	SG	3SG	ANIMATE	NON-REFL	ACTIVE
1244	TOR_C_0075_tagged.txt	3	SG	3SG	ANIMATE	NON-REFL	ACTIVE
1245	TOR_C_00034_tagged.txt	3	SG	3SG	ANIMATE	NON-REFL	ACTIVE
1246	TOR_C_0041_tagged.txt	3	SG	3SG	ANIMATE	NON-REFL	ACTIVE
1247	TOR_C_0001_tagged.txt	3	SG	3SG	ANIMATE	NON-REFL	ACTIVE
1248	TOR_C_0009_tagged.txt	3	SG	3SG	ANIMATE	NON-REFL	ACTIVE
1249	TOR_C_00033_tagged.txt	3	SG	3SG	ANIMATE	NON-REFL	ACTIVE
1250	TOR_C_0073_tagged.txt	3	SG	3SG	ANIMATE	NON-REFL	ACTIVE
1251	TOR_C_0002_tagged.txt	3	SG	3SG	ANIMATE	NON-REFL	ACTIVE
1252	TOR_C_00024_tagged.txt	3	SG	3SG	ANIMATE	NON-REFL	ACTIVE
1253	TOR_C_00024_tagged.txt	3	SG	3SG	ANIMATE	NON-REFL	ACTIVE
1254	TOR_C_0054_tagged.txt	3	SG	3SG	ANIMATE	NON-REFL	ACTIVE
1255	TOR_C_0047_tagged.txt	3	SG	3SG	ANIMATE	NON-REFL	ACTIVE
1256	TOR_C_0071_tagged.txt	3	SG	3SG	ANIMATE	NON-REFL	ACTIVE
1257	TOR_C_00034_tagged.txt	3	SG	3SG	ANIMATE	NON-REFL	ACTIVE
1258	TOR_C_0041_tagged.txt	3	SG	3SG	ANIMATE	NON-REFL	ACTIVE
1259	TOR_C_0041_tagged.txt	3	SG	3SG	ANIMATE	NON-REFL	ACTIVE
1260	TOR_C_0062_tagged.txt	3	SG	3SG	ANIMATE	NON-REFL	ACTIVE
1261	TOR_C_0001_tagged.txt	3	SG	3SG	ANIMATE	NON-REFL	ACTIVE
1262	TOR_C_0001_tagged.txt	3	SG	3SG	ANIMATE	NON-REFL	ACTIVE
1263	TOR_C_0001_tagged.txt	3	SG	3SG	ANIMATE	NON-REFL	ACTIVE
1264	TOR_C_0008_tagged.txt	3	SG	3SG	ANIMATE	NON-REFL	ACTIVE
1265	TOR_C_0009_tagged.txt	3	SG	3SG	ANIMATE	NON-REFL	ACTIVE
1266	TOR_C_00019_tagged.txt	3	SG	3SG	ANIMATE	NON-REFL	ACTIVE
1267	TOR_C_00019_tagged.txt	3	SG	3SG	ANIMATE	NON-REFL	ACTIVE
1268	TOR_C_00019_tagged.txt	3	SG	3SG	ANIMATE	NON-REFL	ACTIVE
1269	TOR_C_0001_tagged.txt	3	SG	3SG	ANIMATE	NON-REFL	ACTIVE
1270	TOR_C_0002_tagged.txt	3	SG	3SG	ANIMATE	NON-REFL	ACTIVE
1271	TOR_C_00023_tagged.txt	3	SG	3SG	ANIMATE	NON-REFL	ACTIVE
1272	TOR_C_00024_tagged.txt	3	SG	3SG	ANIMATE	NON-REFL	ACTIVE
1273	TOR_C_00034_tagged.txt	3	SG	3SG	ANIMATE	NON-REFL	ACTIVE
1274	TOR_C_0047_tagged.txt	3	SG	3SG	ANIMATE	NON-REFL	ACTIVE
1275	TOR_C_0055_tagged.txt	3	SG	3SG	ANIMATE	NON-REFL	ACTIVE
1276	TOR_C_0055_tagged.txt	3	SG	3SG	ANIMATE	NON-REFL	ACTIVE
1277	TOR_C_0055_tagged.txt	3	SG	3SG	ANIMATE	NON-REFL	ACTIVE
1278	TOR_C_0068_tagged.txt	3	SG	3SG	ANIMATE	NON-REFL	ACTIVE
1279	TOR_C_0077_tagged.txt	3	SG	3SG	ANIMATE	NON-REFL	ACTIVE
1280	TOR_C_0041_tagged.txt	3	SG	3SG	ANIMATE	NON-REFL	ACTIVE
1281	TOR_C_0052_tagged.txt	3	SG	3SG	ANIMATE	NON-REFL	ACTIVE
1282	TOR_C_0049_tagged.txt	3	SG	3SG	ANIMATE	NON-REFL	ACTIVE
1283	TOR_C_0049_tagged.txt	3	SG	3SG	ANIMATE	NON-REFL	ACTIVE
1284	TOR_C_0054_tagged.txt	3	SG	3SG	ANIMATE	NON-REFL	ACTIVE
1285	TOR_C_00011_tagged.txt	3	SG	3SG	ANIMATE	NON-REFL	ACTIVE
1286	TOR_C_0076_tagged.txt	3	SG	3SG	ANIMATE	NON-REFL	ACTIVE
1287	TOR_C_00019_tagged.txt	3	SG	3SG	ANIMATE	NON-REFL	ACTIVE
1288	TOR_C_00010_tagged.txt	3	SG	3SG	ANIMATE	NON-REFL	ACTIVE
1289	TOR_C_00011_tagged.txt	3	SG	3SG	ANIMATE	NON-REFL	ACTIVE
1290	TOR_C_00021_tagged.txt	3	SG	3SG	ANIMATE	NON-REFL	ACTIVE
1291	TOR_C_00034_tagged.txt	3	SG	3SG	ANIMATE	NON-REFL	ACTIVE
1292	TOR_C_00034_tagged.txt	3	SG	3SG	ANIMATE	NON-REFL	ACTIVE
1293	TOR_C_0045_tagged.txt	3	SG	3SG	ANIMATE	NON-REFL	ACTIVE
1294	TOR_C_0049_tagged.txt	3	SG	3SG	ANIMATE	NON-REFL	ACTIVE
1295	TOR_C_0046_tagged.txt	3	SG	3SG	ANIMATE	NON-REFL	ACTIVE
1296	TOR_C_0082_tagged.txt	3	SG	3SG	ANIMATE	NON-REFL	ACTIVE
1297	TOR_C_00015_tagged.txt	3	SG	3SG	ANIMATE	NON-REFL	ACTIVE
1298	TOR_C_00034_tagged.txt	3	SG	3SG	ANIMATE	NON-REFL	ACTIVE
1299	TOR_C_0037_tagged.txt	3	SG	3SG	ANIMATE	NON-REFL	ACTIVE
1300	TOR_C_0046_tagged.txt	3	SG	3SG	ANIMATE	NON-REFL	ACTIVE
1301	TOR_C_0041_tagged.txt	3	SG	3SG	ANIMATE	NON-REFL	ACTIVE
1302	TOR_C_00021_tagged.txt	3	SG	3SG	ANIMATE	NON-REFL	ACTIVE
1303	TOR_C_0089_tagged.txt	3	SG	3SG	ANIMATE	NON-REFL	ACTIVE
1304	TOR_C_0045_tagged.txt	3	SG	3SG	ANIMATE	NON-REFL	ACTIVE
1305	TOR_C_0089_tagged.txt	3	SG	3SG	ANIMATE	NON-REFL	ACTIVE
1306	TOR_C_0089_tagged.txt	3	SG	3SG	ANIMATE	NON-REFL	ACTIVE
1307	TOR_C_0047_tagged.txt	3	SG	3SG	ANIMATE	NON-REFL	ACTIVE
1308	TOR_C_00034_tagged.txt	3	SG	3SG	ANIMATE	NON-REFL	ACTIVE
1309	TOR_C_00034_tagged.txt	3	SG	3SG	ANIMATE	NON-REFL	ACTIVE
1310	TOR_C_00024_tagged.txt	3	SG	3SG	ANIMATE	NON-REFL	ACTIVE
1311	TOR_C_0055_tagged.txt	3	SG	3SG	ANIMATE	NON-REFL	ACTIVE
1312	TOR_C_00023_tagged.txt	3	SG	3SG	ANIMATE	NON-REFL	ACTIVE
1313	TOR_C_00023_tagged.txt	3	SG	3SG	ANIMATE	NON-REFL	ACTIVE
1314	TOR_C_0077_tagged.txt	3	SG	3SG	ANIMATE	NON-REFL	ACTIVE
1315	TOR_C_0003_tagged.txt	3	SG	3SG	ANIMATE	NON-REFL	ACTIVE
1316	TOR_C_0071_tagged.txt	3	SG	3SG	ANIMATE	NON-REFL	ACTIVE
1317	TOR_C_0046_tagged.txt	3	SG	3SG	ANIMATE	NON-REFL	ACTIVE
1318	TOR_C_0008_tagged.txt	3	SG	3SG	ANIMATE	NON-REFL	ACTIVE
1319	TOR_C_0061_tagged.txt	3	SG	3SG	ANIMATE	NON-REFL	ACTIVE
1320	TOR_C_00019_tagged.txt	3	SG	3SG	ANIMATE	NON-REFL	ACTIVE
1321	TOR_C_00029_tagged.txt	3	SG	3SG	ANIMATE	NON-REFL	ACTIVE
1322	TOR_C_0047_tagged.txt	3	SG	3SG	ANIMATE	NON-REFL	ACTIVE
1323	TOR_C_0055_tagged.txt	3	SG	3SG	ANIMATE	NON-REFL	ACTIVE
1324	TOR_C_0052_tagged.txt	3	SG	3SG	ANIMATE	NON-REFL	ACTIVE
1325	TOR_C_00011_tagged.txt	3	SG	3SG	ANIMATE	NON-REFL	ACTIVE
1326	TOR_C_0061_tagged.txt	3	SG	3SG	ANIMATE	NON-REFL	ACTIVE
1327	TOR_C_0007_tagged.txt	3	SG	3SG	ANIMATE	NON-REFL	ACTIVE
1328	TOR_C_0040_tagged.txt	3	SG	3SG	ANIMATE	NON-REFL	ACTIVE
1329	TOR_C_0009_tagged.txt	3	SG	3SG	ANIMATE	NON-REFL	ACTIVE
1330	TOR_C_0046_tagged.txt	3	SG	3SG	ANIMATE	NON-REFL	ACTIVE
1331	TOR_C_00020_tagged.txt	3	SG	3SG	ANIMATE	NON-REFL	ACTIVE
1332	TOR_C_00015_tagged.txt	3	SG	3SG	ANIMATE	NON-REFL	ACTIVE
1333	TOR_C_0061_tagged.txt	3	SG	3SG	ANIMATE	NON-REFL	ACTIVE
1334	TOR_C_00034_tagged.txt	3	SG	3SG	ANIMATE	NON-REFL	ACTIVE
1335	TOR_C_00020_tagged.txt	3	SG	3SG	ANIMATE	NON-REFL	ACTIVE
1336	TOR_C_0050_tagged.txt	3	SG	3SG	ANIMATE	NON-REFL	ACTIVE
1337	TOR_C_0052_tagged.txt	3	SG	3SG	ANIMATE	NON-REFL	PASSIVE
1338	TOR_C_0050_tagged.txt	3	SG	3SG	ANIMATE	NON-REFL	PASSIVE
1339	TOR_C_0041_tagged.txt	3	SG	3SG	ANIMATE	REFL	ACTIVE
1340	TOR_C_00034_tagged.txt	3	SG	3SG	ANIMATE	REFL	ACTIVE
1341	TOR_C_0063_tagged.txt	3	SG	3SG	ANIMATE	REFL	ACTIVE
1342	TOR_C_0060_tagged.txt	3	SG	3SG	ANIMATE	REFL	ACTIVE
1343	TOR_C_0041_tagged.txt	3	SG	3SG	ANIMATE	REFL	ACTIVE
1344	TOR_C_00029_tagged.txt	3	SG	3SG	ANIMATE	REFL	ACTIVE
1345	TOR_C_0089_tagged.txt	3	SG	3SG	ANIMATE	REFL	ACTIVE
1346	TOR_C_00016_tagged.txt	3	SG	3SG	ANIMATE	REFL	ACTIVE
1347	TOR_C_0055_tagged.txt	3	SG	3SG	ANIMATE	REFL	ACTIVE
1348	TOR_C_00033_tagged.txt	3	SG	3SG	ANIMATE	REFL	ACTIVE
1349	TOR_C_00029_tagged.txt	3	SG	3SG	ANIMATE	REFL	ACTIVE
1350	TOR_C_0001_tagged.txt	3	SG	3SG	ANIMATE	REFL	ACTIVE
1351	TOR_C_00034_tagged.txt	3	SG	3SG	ANIMATE	REFL	ACTIVE
1352	TOR_C_0049_tagged.txt	3	SG	3SG	ANIMATE	REFL	ACTIVE
1353	TOR_C_00029_tagged.txt	3	SG	3SG	ANIMATE	REFL	ACTIVE
1354	TOR_C_0089_tagged.txt	3	SG	3SG	ANIMATE	REFL	ACTIVE
1355	TOR_C_00016_tagged.txt	3	SG	3SG	ANIMATE	REFL	ACTIVE
1356	TOR_C_0002_tagged.txt	3	SG	3SG	ANIMATE	REFL	ACTIVE
1357	TOR_C_00034_tagged.txt	3	SG	3SG	ANIMATE	REFL	ACTIVE
1358	TOR_C_0069_tagged.txt	3	SG	3SG	ANIMATE	REFL	ACTIVE
1359	TOR_C_0050_tagged.txt	3	SG	3SG	ANIMATE	REFL	PASSIVE
1360	TOR_C_0050_tagged.txt	3	SG	3SG	ANIMATE	REFL	PASSIVE
1361	TOR_C_0041_tagged.txt	3	SG	3SG	ANIMATE	REFL	PASSIVE
1362	TOR_C_0041_tagged.txt	3	SG	3SG	ANIMATE	REFL	PASSIVE
1363	TOR_C_00018_tagged.txt	3	SG	3SG	ANIMATE	REFL	PASSIVE
1364	TOR_C_0001_tagged.txt	3	SG	3SG	ANIMATE	REFL	PASSIVE